U set;U actual;I set;I actual;P set;P actual;R set;R actual;R mode;Output/Input;Device mode;Error;Time;
02,60;3,64;00,00;20,82;600,0;75,8;N/A;N/A;OFF;ON;CC;NONE;00:00:00,439;
02,60;3,56;00,00;27,15;600,0;96,8;N/A;N/A;OFF;ON;CC;NONE;00:00:00,939;
02,60;3,58;00,00;24,36;600,0;87,2;N/A;N/A;OFF;ON;CC;NONE;00:00:01,439;
02,60;3,69;00,00;13,99;600,0;51,6;N/A;N/A;OFF;ON;CC;NONE;00:00:01,939;
02,60;3,79;00,00;3,66;600,0;13,9;N/A;N/A;OFF;ON;CC;NONE;00:00:02,439;
02,60;3,64;00,00;19,25;600,0;69,9;N/A;N/A;OFF;ON;CC;NONE;00:00:02,939;
02,60;3,67;00,00;15,36;600,0;56,5;N/A;N/A;OFF;ON;CC;NONE;00:00:03,439;
02,60;3,61;00,00;21,06;600,0;76,0;N/A;N/A;OFF;ON;CC;NONE;00:00:03,939;
02,60;3,56;00,00;25,31;600,0;90,1;N/A;N/A;OFF;ON;CC;NONE;00:00:04,439;
02,60;3,73;00,00;8,64;600,0;32,2;N/A;N/A;OFF;ON;CC;NONE;00:00:04,939;
02,60;3,82;00,00;0,28;600,0;0,0;N/A;N/A;OFF;ON;CC;NONE;00:00:05,439;
02,60;3,82;00,00;0,81;600,0;3,1;N/A;N/A;OFF;ON;CC;NONE;00:00:05,939;
02,60;3,82;00,00;1,49;600,0;5,7;N/A;N/A;OFF;ON;CC;NONE;00:00:06,439;
02,60;3,76;00,00;6,66;600,0;25,1;N/A;N/A;OFF;ON;CC;NONE;00:00:06,939;
02,60;3,80;00,00;3,37;600,0;12,8;N/A;N/A;OFF;ON;CC;NONE;00:00:07,439;
02,60;3,83;00,00;0,26;600,0;0,0;N/A;N/A;OFF;ON;CC;NONE;00:00:07,939;
02,60;3,84;00,00;0,00;600,0;0,0;N/A;N/A;OFF;ON;CC;NONE;00:00:08,439;
02,60;3,82;00,00;1,28;600,0;4,9;N/A;N/A;OFF;ON;CC;NONE;00:00:08,939;
02,60;3,83;00,00;0,64;600,0;2,5;N/A;N/A;OFF;ON;CC;NONE;00:00:09,439;
02,60;3,81;00,00;2,87;600,0;11,0;N/A;N/A;OFF;ON;CC;NONE;00:00:09,939;
02,60;3,77;00,00;7,00;600,0;26,3;N/A;N/A;OFF;ON;CC;NONE;00:00:10,439;
02,60;3,76;00,00;7,49;600,0;28,1;N/A;N/A;OFF;ON;CC;NONE;00:00:10,939;
02,60;3,73;00,00;10,42;600,0;38,9;N/A;N/A;OFF;ON;CC;NONE;00:00:11,439;
02,60;3,75;00,00;8,06;600,0;30,2;N/A;N/A;OFF;ON;CC;NONE;00:00:11,939;
02,60;3,67;00,00;16,00;600,0;58,6;N/A;N/A;OFF;ON;CC;NONE;00:00:12,439;
02,60;3,63;00,00;19,13;600,0;69,4;N/A;N/A;OFF;ON;CC;NONE;00:00:12,939;
02,60;3,65;00,00;16,18;600,0;59,1;N/A;N/A;OFF;ON;CC;NONE;00:00:13,439;
02,60;3,71;00,00;9,92;600,0;36,8;N/A;N/A;OFF;ON;CC;NONE;00:00:13,939;
02,60;3,78;00,00;3,61;600,0;13,6;N/A;N/A;OFF;ON;CC;NONE;00:00:14,439;
02,60;3,60;00,00;21,36;600,0;76,9;N/A;N/A;OFF;ON;CC;NONE;00:00:14,939;
02,60;3,78;00,00;3,73;600,0;14,0;N/A;N/A;OFF;ON;CC;NONE;00:00:15,439;
02,60;3,82;00,00;0,29;600,0;0,0;N/A;N/A;OFF;ON;CC;NONE;00:00:15,939;
02,60;3,82;00,00;0,21;600,0;0,0;N/A;N/A;OFF;ON;CC;NONE;00:00:16,439;
02,60;3,82;00,00;0,13;600,0;0,0;N/A;N/A;OFF;ON;CC;NONE;00:00:16,939;
02,60;3,83;00,00;0,05;600,0;0,0;N/A;N/A;OFF;ON;CC;NONE;00:00:17,439;
02,60;3,83;00,00;0,00;600,0;0,0;N/A;N/A;OFF;ON;CC;NONE;00:00:17,939;
02,60;3,74;00,00;9,04;600,0;33,8;N/A;N/A;OFF;ON;CC;NONE;00:00:18,439;
02,60;3,75;00,00;7,32;600,0;27,5;N/A;N/A;OFF;ON;CC;NONE;00:00:18,939;
02,60;3,82;00,00;0,61;600,0;2,3;N/A;N/A;OFF;ON;CC;NONE;00:00:19,439;
02,60;3,68;00,00;14,70;600,0;54,1;N/A;N/A;OFF;ON;CC;NONE;00:00:19,939;
02,60;3,70;00,00;11,79;600,0;43,7;N/A;N/A;OFF;ON;CC;NONE;00:00:20,439;
02,60;3,82;00,00;0,05;600,0;0,0;N/A;N/A;OFF;ON;CC;NONE;00:00:20,939;
02,60;3,83;00,00;0,00;600,0;0,0;N/A;N/A;OFF;ON;CC;NONE;00:00:21,439;
02,60;3,83;00,00;0,00;600,0;0,0;N/A;N/A;OFF;ON;CC;NONE;00:00:21,939;
02,60;3,71;00,00;11,25;600,0;41,8;N/A;N/A;OFF;ON;CC;NONE;00:00:22,439;
02,60;3,82;00,00;0,28;600,0;0,0;N/A;N/A;OFF;ON;CC;NONE;00:00:22,939;
02,60;3,78;00,00;5,31;600,0;20,0;N/A;N/A;OFF;ON;CC;NONE;00:00:23,439;
02,60;3,69;00,00;13,78;600,0;50,8;N/A;N/A;OFF;ON;CC;NONE;00:00:23,939;
02,60;3,65;00,00;16,94;600,0;61,8;N/A;N/A;OFF;ON;CC;NONE;00:00:24,439;
02,60;3,65;00,00;16,01;600,0;58,4;N/A;N/A;OFF;ON;CC;NONE;00:00:24,939;
02,60;3,66;00,00;15,04;600,0;55,0;N/A;N/A;OFF;ON;CC;NONE;00:00:25,439;
02,60;3,70;00,00;10,68;600,0;39,5;N/A;N/A;OFF;ON;CC;NONE;00:00:25,939;
02,60;3,75;00,00;5,46;600,0;20,5;N/A;N/A;OFF;ON;CC;NONE;00:00:26,439;
02,60;3,81;00,00;0,55;600,0;2,1;N/A;N/A;OFF;ON;CC;NONE;00:00:26,939;
02,60;3,70;00,00;11,04;600,0;40,8;N/A;N/A;OFF;ON;CC;NONE;00:00:27,439;
02,60;3,78;00,00;3,76;600,0;14,2;N/A;N/A;OFF;ON;CC;NONE;00:00:27,939;
02,60;3,80;00,00;1,58;600,0;6,0;N/A;N/A;OFF;ON;CC;NONE;00:00:28,439;
02,60;3,80;00,00;2,44;600,0;9,3;N/A;N/A;OFF;ON;CC;NONE;00:00:28,939;
02,60;3,82;00,00;0,42;600,0;1,6;N/A;N/A;OFF;ON;CC;NONE;00:00:29,439;
02,60;3,71;00,00;10,63;600,0;39,5;N/A;N/A;OFF;ON;CC;NONE;00:00:29,939;
02,60;3,80;00,00;1,61;600,0;6,1;N/A;N/A;OFF;ON;CC;NONE;00:00:30,439;
02,60;3,63;00,00;19,15;600,0;69,3;N/A;N/A;OFF;ON;CC;NONE;00:00:30,939;
02,60;3,56;00,00;24,46;600,0;87,0;N/A;N/A;OFF;ON;CC;NONE;00:00:31,439;
02,60;3,52;00,00;28,01;600,0;98,4;N/A;N/A;OFF;ON;CC;NONE;00:00:31,939;
02,60;3,61;00,00;17,63;600,0;63,7;N/A;N/A;OFF;ON;CC;NONE;00:00:32,439;
02,60;3,78;00,00;1,21;600,0;4,5;N/A;N/A;OFF;ON;CC;NONE;00:00:32,939;
02,60;3,80;00,00;0,00;600,0;0,0;N/A;N/A;OFF;ON;CC;NONE;00:00:33,439;
02,60;3,81;00,00;0,00;600,0;0,0;N/A;N/A;OFF;ON;CC;NONE;00:00:33,939;
02,60;3,81;00,00;0,00;600,0;0,0;N/A;N/A;OFF;ON;CC;NONE;00:00:34,439;
02,60;3,81;00,00;0,00;600,0;0,0;N/A;N/A;OFF;ON;CC;NONE;00:00:34,939;
02,60;3,82;00,00;0,00;600,0;0,0;N/A;N/A;OFF;ON;CC;NONE;00:00:35,439;
02,60;3,70;00,00;11,44;600,0;42,3;N/A;N/A;OFF;ON;CC;NONE;00:00:35,939;
02,60;3,80;00,00;1,01;600,0;3,9;N/A;N/A;OFF;ON;CC;NONE;00:00:36,439;
02,60;3,76;00,00;5,85;600,0;22,0;N/A;N/A;OFF;ON;CC;NONE;00:00:36,939;
02,60;3,70;00,00;11,04;600,0;40,8;N/A;N/A;OFF;ON;CC;NONE;00:00:37,439;
02,60;3,74;00,00;6,45;600,0;24,1;N/A;N/A;OFF;ON;CC;NONE;00:00:37,939;
02,60;3,78;00,00;3,36;600,0;12,5;N/A;N/A;OFF;ON;CC;NONE;00:00:38,439;
02,60;3,77;00,00;4,76;600,0;17,9;N/A;N/A;OFF;ON;CC;NONE;00:00:38,939;
02,60;3,67;00,00;14,08;600,0;51,7;N/A;N/A;OFF;ON;CC;NONE;00:00:39,439;
02,60;3,67;00,00;13,80;600,0;50,6;N/A;N/A;OFF;ON;CC;NONE;00:00:39,939;
02,60;3,72;00,00;8,75;600,0;32,5;N/A;N/A;OFF;ON;CC;NONE;00:00:40,439;
02,60;3,79;00,00;1,87;600,0;7,1;N/A;N/A;OFF;ON;CC;NONE;00:00:40,939;
02,60;3,70;00,00;10,74;600,0;39,7;N/A;N/A;OFF;ON;CC;NONE;00:00:41,439;
02,60;3,70;00,00;9,99;600,0;37,0;N/A;N/A;OFF;ON;CC;NONE;00:00:41,939;
02,60;3,74;00,00;5,75;600,0;21,5;N/A;N/A;OFF;ON;CC;NONE;00:00:42,439;
02,60;3,79;00,00;1,45;600,0;5,5;N/A;N/A;OFF;ON;CC;NONE;00:00:42,939;
02,60;3,64;00,00;16,57;600,0;60,2;N/A;N/A;OFF;ON;CC;NONE;00:00:43,439;
02,60;3,64;00,00;15,66;600,0;57,1;N/A;N/A;OFF;ON;CC;NONE;00:00:43,939;
02,60;3,59;00,00;20,52;600,0;73,6;N/A;N/A;OFF;ON;CC;NONE;00:00:44,439;
02,60;3,53;00,00;25,42;600,0;89,8;N/A;N/A;OFF;ON;CC;NONE;00:00:44,939;
02,60;3,64;00,00;14,26;600,0;51,8;N/A;N/A;OFF;ON;CC;NONE;00:00:45,439;
02,60;3,78;00,00;0,42;600,0;1,6;N/A;N/A;OFF;ON;CC;NONE;00:00:45,939;
02,60;3,79;00,00;0,30;600,0;0,0;N/A;N/A;OFF;ON;CC;NONE;00:00:46,439;
02,60;3,80;00,00;0,23;600,0;0,0;N/A;N/A;OFF;ON;CC;NONE;00:00:46,939;
02,60;3,80;00,00;0,16;600,0;0,0;N/A;N/A;OFF;ON;CC;NONE;00:00:47,439;
02,60;3,81;00,00;0,10;600,0;0,0;N/A;N/A;OFF;ON;CC;NONE;00:00:47,939;
02,60;3,81;00,00;0,00;600,0;0,0;N/A;N/A;OFF;ON;CC;NONE;00:00:48,439;
02,60;3,71;00,00;9,88;600,0;36,6;N/A;N/A;OFF;ON;CC;NONE;00:00:48,939;
02,60;3,68;00,00;12,55;600,0;46,1;N/A;N/A;OFF;ON;CC;NONE;00:00:49,439;
02,60;3,64;00,00;15,19;600,0;55,4;N/A;N/A;OFF;ON;CC;NONE;00:00:49,939;
02,60;3,62;00,00;17,80;600,0;64,4;N/A;N/A;OFF;ON;CC;NONE;00:00:50,439;
02,60;3,67;00,00;12,43;600,0;45,6;N/A;N/A;OFF;ON;CC;NONE;00:00:50,939;
02,60;3,71;00,00;7,77;600,0;28,8;N/A;N/A;OFF;ON;CC;NONE;00:00:51,439;
02,60;3,74;00,00;5,44;600,0;20,3;N/A;N/A;OFF;ON;CC;NONE;00:00:51,939;
02,60;3,77;00,00;3,12;600,0;11,8;N/A;N/A;OFF;ON;CC;NONE;00:00:52,439;
02,60;3,79;00,00;0,80;600,0;3,0;N/A;N/A;OFF;ON;CC;NONE;00:00:52,939;
02,60;3,67;00,00;12,59;600,0;46,3;N/A;N/A;OFF;ON;CC;NONE;00:00:53,439;
02,60;3,78;00,00;1,69;600,0;6,3;N/A;N/A;OFF;ON;CC;NONE;00:00:53,939;
02,60;3,64;00,00;14,73;600,0;53,7;N/A;N/A;OFF;ON;CC;NONE;00:00:54,439;
02,60;3,63;00,00;15,82;600,0;57,4;N/A;N/A;OFF;ON;CC;NONE;00:00:54,939;
02,60;3,63;00,00;15,89;600,0;57,6;N/A;N/A;OFF;ON;CC;NONE;00:00:55,439;
02,60;3,66;00,00;12,18;600,0;44,6;N/A;N/A;OFF;ON;CC;NONE;00:00:55,939;
02,60;3,70;00,00;8,44;600,0;31,2;N/A;N/A;OFF;ON;CC;NONE;00:00:56,439;
02,60;3,74;00,00;4,69;600,0;17,5;N/A;N/A;OFF;ON;CC;NONE;00:00:56,939;
02,60;3,78;00,00;0,95;600,0;3,6;N/A;N/A;OFF;ON;CC;NONE;00:00:57,439;
02,60;3,70;00,00;9,28;600,0;34,3;N/A;N/A;OFF;ON;CC;NONE;00:00:57,939;
02,60;3,79;00,00;0,18;600,0;0,0;N/A;N/A;OFF;ON;CC;NONE;00:00:58,439;
02,60;3,80;00,00;0,22;600,0;0,0;N/A;N/A;OFF;ON;CC;NONE;00:00:58,939;
02,60;3,80;00,00;0,30;600,0;0,0;N/A;N/A;OFF;ON;CC;NONE;00:00:59,439;
02,60;3,80;00,00;0,35;600,0;1,4;N/A;N/A;OFF;ON;CC;NONE;00:00:59,939;
02,60;3,78;00,00;2,59;600,0;9,8;N/A;N/A;OFF;ON;CC;NONE;00:01:00,439;
02,60;3,71;00,00;8,76;600,0;32,5;N/A;N/A;OFF;ON;CC;NONE;00:01:00,939;
02,60;3,65;00,00;15,10;600,0;55,1;N/A;N/A;OFF;ON;CC;NONE;00:01:01,439;
02,60;3,57;00,00;21,42;600,0;76,6;N/A;N/A;OFF;ON;CC;NONE;00:01:01,939;
02,60;3,50;00,00;27,75;600,0;97,2;N/A;N/A;OFF;ON;CC;NONE;00:01:02,439;
02,60;3,54;00,00;23,34;600,0;82,5;N/A;N/A;OFF;ON;CC;NONE;00:01:02,939;
02,60;3,64;00,00;13,20;600,0;48,0;N/A;N/A;OFF;ON;CC;NONE;00:01:03,439;
02,60;3,75;00,00;2,88;600,0;10,8;N/A;N/A;OFF;ON;CC;NONE;00:01:03,939;
02,60;3,59;00,00;19,12;600,0;68,5;N/A;N/A;OFF;ON;CC;NONE;00:01:04,439;
02,60;3,62;00,00;15,78;600,0;57,1;N/A;N/A;OFF;ON;CC;NONE;00:01:04,939;
02,60;3,56;00,00;21,48;600,0;76,4;N/A;N/A;OFF;ON;CC;NONE;00:01:05,439;
02,60;3,52;00,00;24,36;600,0;85,6;N/A;N/A;OFF;ON;CC;NONE;00:01:05,939;
02,60;3,69;00,00;7,34;600,0;27,0;N/A;N/A;OFF;ON;CC;NONE;00:01:06,439;
02,60;3,77;00,00;0,31;600,0;0,0;N/A;N/A;OFF;ON;CC;NONE;00:01:06,939;
02,60;3,77;00,00;0,85;600,0;3,3;N/A;N/A;OFF;ON;CC;NONE;00:01:07,439;
02,60;3,76;00,00;2,54;600,0;9,5;N/A;N/A;OFF;ON;CC;NONE;00:01:07,939;
02,60;3,72;00,00;6,38;600,0;23,8;N/A;N/A;OFF;ON;CC;NONE;00:01:08,439;
02,60;3,75;00,00;3,11;600,0;11,7;N/A;N/A;OFF;ON;CC;NONE;00:01:08,939;
02,60;3,78;00,00;0,14;600,0;0,0;N/A;N/A;OFF;ON;CC;NONE;00:01:09,439;
02,60;3,79;00,00;0,00;600,0;0,0;N/A;N/A;OFF;ON;CC;NONE;00:01:09,939;
02,60;3,78;00,00;1,27;600,0;4,8;N/A;N/A;OFF;ON;CC;NONE;00:01:10,439;
02,60;3,79;00,00;0,74;600,0;2,8;N/A;N/A;OFF;ON;CC;NONE;00:01:10,939;
02,60;3,76;00,00;3,41;600,0;12,8;N/A;N/A;OFF;ON;CC;NONE;00:01:11,439;
02,60;3,73;00,00;7,01;600,0;26,1;N/A;N/A;OFF;ON;CC;NONE;00:01:11,939;
02,60;3,71;00,00;7,67;600,0;28,5;N/A;N/A;OFF;ON;CC;NONE;00:01:12,439;
02,60;3,68;00,00;10,64;600,0;39,2;N/A;N/A;OFF;ON;CC;NONE;00:01:12,939;
02,60;3,71;00,00;7,72;600,0;28,7;N/A;N/A;OFF;ON;CC;NONE;00:01:13,439;
02,60;3,62;00,00;17,11;600,0;61,8;N/A;N/A;OFF;ON;CC;NONE;00:01:13,939;
02,60;3,59;00,00;19,19;600,0;68,8;N/A;N/A;OFF;ON;CC;NONE;00:01:14,439;
02,60;3,62;00,00;15,71;600,0;56,8;N/A;N/A;OFF;ON;CC;NONE;00:01:14,939;
02,60;3,68;00,00;9,42;600,0;34,7;N/A;N/A;OFF;ON;CC;NONE;00:01:15,439;
02,60;3,74;00,00;3,13;600,0;11,8;N/A;N/A;OFF;ON;CC;NONE;00:01:15,939;
02,60;3,56;00,00;21,12;600,0;75,3;N/A;N/A;OFF;ON;CC;NONE;00:01:16,439;
02,60;3,75;00,00;2,18;600,0;8,1;N/A;N/A;OFF;ON;CC;NONE;00:01:16,939;
02,60;3,78;00,00;0,28;600,0;0,0;N/A;N/A;OFF;ON;CC;NONE;00:01:17,439;
02,60;3,78;00,00;0,20;600,0;0,0;N/A;N/A;OFF;ON;CC;NONE;00:01:17,939;
02,60;3,79;00,00;0,12;600,0;0,0;N/A;N/A;OFF;ON;CC;NONE;00:01:18,439;
02,60;3,79;00,00;0,05;600,0;0,0;N/A;N/A;OFF;ON;CC;NONE;00:01:18,939;
02,60;3,79;00,00;0,19;600,0;0,0;N/A;N/A;OFF;ON;CC;NONE;00:01:19,439;
02,60;3,70;00,00;9,46;600,0;35,0;N/A;N/A;OFF;ON;CC;NONE;00:01:19,939;
02,60;3,72;00,00;6,42;600,0;23,8;N/A;N/A;OFF;ON;CC;NONE;00:01:20,439;
02,60;3,78;00,00;0,72;600,0;2,7;N/A;N/A;OFF;ON;CC;NONE;00:01:20,939;
02,60;3,64;00,00;14,52;600,0;52,9;N/A;N/A;OFF;ON;CC;NONE;00:01:21,439;
02,60;3,67;00,00;10,88;600,0;39,9;N/A;N/A;OFF;ON;CC;NONE;00:01:21,939;
02,60;3,78;00,00;0,00;600,0;0,0;N/A;N/A;OFF;ON;CC;NONE;00:01:22,439;
02,60;3,79;00,00;0,00;600,0;0,0;N/A;N/A;OFF;ON;CC;NONE;00:01:22,939;
02,60;3,79;00,00;0,00;600,0;0,0;N/A;N/A;OFF;ON;CC;NONE;00:01:23,439;
02,60;3,68;00,00;10,82;600,0;39,8;N/A;N/A;OFF;ON;CC;NONE;00:01:23,939;
02,60;3,79;00,00;0,21;600,0;0,0;N/A;N/A;OFF;ON;CC;NONE;00:01:24,439;
02,60;3,72;00,00;7,35;600,0;27,3;N/A;N/A;OFF;ON;CC;NONE;00:01:24,939;
02,60;3,65;00,00;14,16;600,0;51,7;N/A;N/A;OFF;ON;CC;NONE;00:01:25,439;
02,60;3,61;00,00;16,89;600,0;61,0;N/A;N/A;OFF;ON;CC;NONE;00:01:25,939;
02,60;3,62;00,00;15,94;600,0;57,7;N/A;N/A;OFF;ON;CC;NONE;00:01:26,439;
02,60;3,63;00,00;14,97;600,0;54,2;N/A;N/A;OFF;ON;CC;NONE;00:01:26,939;
02,60;3,67;00,00;10,27;600,0;37,7;N/A;N/A;OFF;ON;CC;NONE;00:01:27,439;
02,60;3,73;00,00;5,08;600,0;19,0;N/A;N/A;OFF;ON;CC;NONE;00:01:27,939;
02,60;3,77;00,00;0,89;600,0;3,3;N/A;N/A;OFF;ON;CC;NONE;00:01:28,439;
02,60;3,66;00,00;11,95;600,0;43,8;N/A;N/A;OFF;ON;CC;NONE;00:01:28,939;
02,60;3,75;00,00;2,74;600,0;10,2;N/A;N/A;OFF;ON;CC;NONE;00:01:29,439;
02,60;3,76;00,00;2,03;600,0;7,6;N/A;N/A;OFF;ON;CC;NONE;00:01:29,939;
02,60;3,76;00,00;2,29;600,0;8,6;N/A;N/A;OFF;ON;CC;NONE;00:01:30,439;
02,60;3,78;00,00;0,36;600,0;1,4;N/A;N/A;OFF;ON;CC;NONE;00:01:30,939;
02,60;3,69;00,00;9,16;600,0;33,8;N/A;N/A;OFF;ON;CC;NONE;00:01:31,439;
02,60;3,77;00,00;1,53;600,0;5,7;N/A;N/A;OFF;ON;CC;NONE;00:01:31,939;
02,60;3,58;00,00;20,21;600,0;72,4;N/A;N/A;OFF;ON;CC;NONE;00:01:32,439;
02,60;3,52;00,00;24,72;600,0;87,1;N/A;N/A;OFF;ON;CC;NONE;00:01:32,939;
02,60;3,48;00,00;28,28;600,0;98,4;N/A;N/A;OFF;ON;CC;NONE;00:01:33,439;
02,60;3,59;00,00;16,36;600,0;58,7;N/A;N/A;OFF;ON;CC;NONE;00:01:33,939;
02,60;3,76;00,00;0,66;600,0;2,6;N/A;N/A;OFF;ON;CC;NONE;00:01:34,439;
02,60;3,77;00,00;0,00;600,0;0,0;N/A;N/A;OFF;ON;CC;NONE;00:01:34,939;
02,60;3,78;00,00;0,00;600,0;0,0;N/A;N/A;OFF;ON;CC;NONE;00:01:35,439;
02,60;3,78;00,00;0,00;600,0;0,0;N/A;N/A;OFF;ON;CC;NONE;00:01:35,939;
02,60;3,78;00,00;0,00;600,0;0,0;N/A;N/A;OFF;ON;CC;NONE;00:01:36,439;
02,60;3,78;00,00;0,00;600,0;0,0;N/A;N/A;OFF;ON;CC;NONE;00:01:36,939;
02,60;3,67;00,00;10,96;600,0;40,2;N/A;N/A;OFF;ON;CC;NONE;00:01:37,439;
02,60;3,77;00,00;1,21;600,0;4,5;N/A;N/A;OFF;ON;CC;NONE;00:01:37,939;
02,60;3,72;00,00;6,29;600,0;23,4;N/A;N/A;OFF;ON;CC;NONE;00:01:38,439;
02,60;3,67;00,00;11,38;600,0;41,7;N/A;N/A;OFF;ON;CC;NONE;00:01:38,939;
02,60;3,72;00,00;5,72;600,0;21,3;N/A;N/A;OFF;ON;CC;NONE;00:01:39,439;
02,60;3,76;00,00;2,30;600,0;8,6;N/A;N/A;OFF;ON;CC;NONE;00:01:39,939;
02,60;3,73;00,00;5,76;600,0;21,4;N/A;N/A;OFF;ON;CC;NONE;00:01:40,439;
02,60;3,64;00,00;14,08;600,0;51,2;N/A;N/A;OFF;ON;CC;NONE;00:01:40,939;
02,60;3,64;00,00;13,78;600,0;50,1;N/A;N/A;OFF;ON;CC;NONE;00:01:41,439;
02,60;3,69;00,00;8,24;600,0;30,4;N/A;N/A;OFF;ON;CC;NONE;00:01:41,939;
02,60;3,76;00,00;1,37;600,0;5,1;N/A;N/A;OFF;ON;CC;NONE;00:01:42,439;
02,60;3,67;00,00;10,76;600,0;39,5;N/A;N/A;OFF;ON;CC;NONE;00:01:42,939;
02,60;3,67;00,00;9,73;600,0;35,7;N/A;N/A;OFF;ON;CC;NONE;00:01:43,439;
02,60;3,72;00,00;5,46;600,0;20,3;N/A;N/A;OFF;ON;CC;NONE;00:01:43,939;
02,60;3,77;00,00;1,16;600,0;4,4;N/A;N/A;OFF;ON;CC;NONE;00:01:44,439;
02,60;3,61;00,00;16,57;600,0;59,8;N/A;N/A;OFF;ON;CC;NONE;00:01:44,939;
02,60;3,61;00,00;16,01;600,0;57,8;N/A;N/A;OFF;ON;CC;NONE;00:01:45,439;
02,60;3,56;00,00;20,89;600,0;74,2;N/A;N/A;OFF;ON;CC;NONE;00:01:45,939;
02,60;3,50;00,00;25,79;600,0;90,2;N/A;N/A;OFF;ON;CC;NONE;00:01:46,439;
02,60;3,62;00,00;12,61;600,0;45,7;N/A;N/A;OFF;ON;CC;NONE;00:01:46,939;
02,60;3,75;00,00;0,39;600,0;1,5;N/A;N/A;OFF;ON;CC;NONE;00:01:47,439;
02,60;3,76;00,00;0,29;600,0;0,0;N/A;N/A;OFF;ON;CC;NONE;00:01:47,939;
02,60;3,77;00,00;0,23;600,0;0,0;N/A;N/A;OFF;ON;CC;NONE;00:01:48,439;
02,60;3,77;00,00;0,16;600,0;0,0;N/A;N/A;OFF;ON;CC;NONE;00:01:48,939;
02,60;3,78;00,00;0,09;600,0;0,0;N/A;N/A;OFF;ON;CC;NONE;00:01:49,439;
02,60;3,78;00,00;0,00;600,0;0,0;N/A;N/A;OFF;ON;CC;NONE;00:01:49,939;
02,60;3,68;00,00;10,09;600,0;37,1;N/A;N/A;OFF;ON;CC;NONE;00:01:50,439;
02,60;3,64;00,00;12,75;600,0;46,4;N/A;N/A;OFF;ON;CC;NONE;00:01:50,939;
02,60;3,62;00,00;15,38;600,0;55,6;N/A;N/A;OFF;ON;CC;NONE;00:01:51,439;
02,60;3,59;00,00;17,73;600,0;63,6;N/A;N/A;OFF;ON;CC;NONE;00:01:51,939;
02,60;3,64;00,00;11,97;600,0;43,6;N/A;N/A;OFF;ON;CC;NONE;00:01:52,439;
02,60;3,69;00,00;7,60;600,0;28,0;N/A;N/A;OFF;ON;CC;NONE;00:01:52,939;
02,60;3,71;00,00;5,27;600,0;19,6;N/A;N/A;OFF;ON;CC;NONE;00:01:53,439;
02,60;3,74;00,00;2,95;600,0;11,1;N/A;N/A;OFF;ON;CC;NONE;00:01:53,939;
02,60;3,76;00,00;0,63;600,0;2,4;N/A;N/A;OFF;ON;CC;NONE;00:01:54,439;
02,60;3,64;00,00;12,98;600,0;47,2;N/A;N/A;OFF;ON;CC;NONE;00:01:54,939;
02,60;3,74;00,00;3,17;600,0;11,8;N/A;N/A;OFF;ON;CC;NONE;00:01:55,439;
02,60;3,62;00,00;14,76;600,0;53,4;N/A;N/A;OFF;ON;CC;NONE;00:01:55,939;
02,60;3,60;00,00;15,91;600,0;57,2;N/A;N/A;OFF;ON;CC;NONE;00:01:56,439;
02,60;3,60;00,00;15,63;600,0;56,2;N/A;N/A;OFF;ON;CC;NONE;00:01:56,939;
02,60;3,63;00,00;11,89;600,0;43,2;N/A;N/A;OFF;ON;CC;NONE;00:01:57,439;
02,60;3,67;00,00;8,16;600,0;29,9;N/A;N/A;OFF;ON;CC;NONE;00:01:57,939;
02,60;3,71;00,00;4,41;600,0;16,4;N/A;N/A;OFF;ON;CC;NONE;00:01:58,439;
02,60;3,75;00,00;0,65;600,0;2,4;N/A;N/A;OFF;ON;CC;NONE;00:01:58,939;
02,60;3,68;00,00;8,24;600,0;30,3;N/A;N/A;OFF;ON;CC;NONE;00:01:59,439;
02,60;3,76;00,00;0,17;600,0;0,0;N/A;N/A;OFF;ON;CC;NONE;00:01:59,939;
02,60;3,77;00,00;0,23;600,0;0,0;N/A;N/A;OFF;ON;CC;NONE;00:02:00,439;
02,60;3,77;00,00;0,31;600,0;0,0;N/A;N/A;OFF;ON;CC;NONE;00:02:00,939;
02,60;3,77;00,00;0,35;600,0;1,3;N/A;N/A;OFF;ON;CC;NONE;00:02:01,439;
02,60;3,75;00,00;2,91;600,0;10,9;N/A;N/A;OFF;ON;CC;NONE;00:02:01,939;
02,60;3,68;00,00;9,18;600,0;33,8;N/A;N/A;OFF;ON;CC;NONE;00:02:02,439;
02,60;3,61;00,00;15,51;600,0;56,0;N/A;N/A;OFF;ON;CC;NONE;00:02:02,939;
02,60;3,54;00,00;21,79;600,0;77,2;N/A;N/A;OFF;ON;CC;NONE;00:02:03,439;
02,60;3,47;00,00;28,10;600,0;97,5;N/A;N/A;OFF;ON;CC;NONE;00:02:03,939;
02,60;3,51;00,00;22,77;600,0;80,0;N/A;N/A;OFF;ON;CC;NONE;00:02:04,439;
02,60;3,62;00,00;12,41;600,0;44,9;N/A;N/A;OFF;ON;CC;NONE;00:02:04,939;
02,60;3,73;00,00;2,06;600,0;7,6;N/A;N/A;OFF;ON;CC;NONE;00:02:05,439;
02,60;3,57;00,00;18,19;600,0;64,8;N/A;N/A;OFF;ON;CC;NONE;00:02:05,939;
02,60;3,58;00,00;16,21;600,0;58,1;N/A;N/A;OFF;ON;CC;NONE;00:02:06,439;
02,60;3,52;00,00;21,94;600,0;77,2;N/A;N/A;OFF;ON;CC;NONE;00:02:06,939;
02,60;3,50;00,00;23,21;600,0;81,2;N/A;N/A;OFF;ON;CC;NONE;00:02:07,439;
02,60;3,67;00,00;6,00;600,0;22,0;N/A;N/A;OFF;ON;CC;NONE;00:02:07,939;
02,60;3,74;00,00;0,35;600,0;1,4;N/A;N/A;OFF;ON;CC;NONE;00:02:08,439;
02,60;3,74;00,00;0,90;600,0;3,3;N/A;N/A;OFF;ON;CC;NONE;00:02:08,939;
02,60;3,71;00,00;4,23;600,0;15,7;N/A;N/A;OFF;ON;CC;NONE;00:02:09,439;
02,60;3,69;00,00;6,10;600,0;22,6;N/A;N/A;OFF;ON;CC;NONE;00:02:09,939;
02,60;3,73;00,00;2,89;600,0;10,8;N/A;N/A;OFF;ON;CC;NONE;00:02:10,439;
02,60;3,76;00,00;0,07;600,0;0,0;N/A;N/A;OFF;ON;CC;NONE;00:02:10,939;
02,60;3,76;00,00;0,00;600,0;0,0;N/A;N/A;OFF;ON;CC;NONE;00:02:11,439;
02,60;3,75;00,00;1,23;600,0;4,6;N/A;N/A;OFF;ON;CC;NONE;00:02:11,939;
02,60;3,75;00,00;0,94;600,0;3,5;N/A;N/A;OFF;ON;CC;NONE;00:02:12,439;
02,60;3,73;00,00;3,95;600,0;14,8;N/A;N/A;OFF;ON;CC;NONE;00:02:12,939;
02,60;3,70;00,00;7,03;600,0;26,0;N/A;N/A;OFF;ON;CC;NONE;00:02:13,439;
02,60;3,68;00,00;7,88;600,0;29,0;N/A;N/A;OFF;ON;CC;NONE;00:02:13,939;
02,60;3,65;00,00;10,88;600,0;39,7;N/A;N/A;OFF;ON;CC;NONE;00:02:14,439;
02,60;3,69;00,00;7,38;600,0;27,2;N/A;N/A;OFF;ON;CC;NONE;00:02:14,939;
02,60;3,58;00,00;17,77;600,0;63,6;N/A;N/A;OFF;ON;CC;NONE;00:02:15,439;
02,60;3,56;00,00;19,25;600,0;68,5;N/A;N/A;OFF;ON;CC;NONE;00:02:15,939;
02,60;3,59;00,00;15,25;600,0;54,7;N/A;N/A;OFF;ON;CC;NONE;00:02:16,439;
02,60;3,66;00,00;8,95;600,0;32,7;N/A;N/A;OFF;ON;CC;NONE;00:02:16,939;
02,60;3,72;00,00;2,67;600,0;9,9;N/A;N/A;OFF;ON;CC;NONE;00:02:17,439;
02,60;3,54;00,00;20,79;600,0;73,6;N/A;N/A;OFF;ON;CC;NONE;00:02:17,939;
02,60;3,73;00,00;1,36;600,0;5,1;N/A;N/A;OFF;ON;CC;NONE;00:02:18,439;
02,60;3,75;00,00;0,28;600,0;0,0;N/A;N/A;OFF;ON;CC;NONE;00:02:18,939;
02,60;3,75;00,00;0,20;600,0;0,0;N/A;N/A;OFF;ON;CC;NONE;00:02:19,439;
02,60;3,76;00,00;0,12;600,0;0,0;N/A;N/A;OFF;ON;CC;NONE;00:02:19,939;
02,60;3,76;00,00;0,00;600,0;0,0;N/A;N/A;OFF;ON;CC;NONE;00:02:20,439;
02,60;3,75;00,00;1,34;600,0;5,1;N/A;N/A;OFF;ON;CC;NONE;00:02:20,939;
02,60;3,67;00,00;9,88;600,0;36,2;N/A;N/A;OFF;ON;CC;NONE;00:02:21,439;
02,60;3,70;00,00;5,48;600,0;20,3;N/A;N/A;OFF;ON;CC;NONE;00:02:21,939;
02,60;3,75;00,00;0,83;600,0;3,1;N/A;N/A;OFF;ON;CC;NONE;00:02:22,439;
02,60;3,62;00,00;14,32;600,0;51,8;N/A;N/A;OFF;ON;CC;NONE;00:02:22,939;
02,60;3,66;00,00;9,34;600,0;34,1;N/A;N/A;OFF;ON;CC;NONE;00:02:23,439;
02,60;3,76;00,00;0,00;600,0;0,0;N/A;N/A;OFF;ON;CC;NONE;00:02:23,939;
02,60;3,76;00,00;0,00;600,0;0,0;N/A;N/A;OFF;ON;CC;NONE;00:02:24,439;
02,60;3,76;00,00;0,49;600,0;1,9;N/A;N/A;OFF;ON;CC;NONE;00:02:24,939;
02,60;3,66;00,00;10,06;600,0;36,8;N/A;N/A;OFF;ON;CC;NONE;00:02:25,439;
02,60;3,76;00,00;0,19;600,0;0,0;N/A;N/A;OFF;ON;CC;NONE;00:02:25,939;
02,60;3,68;00,00;8,68;600,0;31,9;N/A;N/A;OFF;ON;CC;NONE;00:02:26,439;
02,60;3,62;00,00;14,50;600,0;52,4;N/A;N/A;OFF;ON;CC;NONE;00:02:26,939;
02,60;3,59;00,00;16,82;600,0;60,3;N/A;N/A;OFF;ON;CC;NONE;00:02:27,439;
02,60;3,59;00,00;15,86;600,0;57,0;N/A;N/A;OFF;ON;CC;NONE;00:02:27,939;
02,60;3,60;00,00;14,80;600,0;53,2;N/A;N/A;OFF;ON;CC;NONE;00:02:28,439;
02,60;3,65;00,00;9,89;600,0;36,0;N/A;N/A;OFF;ON;CC;NONE;00:02:28,939;
02,60;3,70;00,00;4,67;600,0;17,3;N/A;N/A;OFF;ON;CC;NONE;00:02:29,439;
02,60;3,74;00,00;1,51;600,0;5,7;N/A;N/A;OFF;ON;CC;NONE;00:02:29,939;
02,60;3,63;00,00;12,74;600,0;46,2;N/A;N/A;OFF;ON;CC;NONE;00:02:30,439;
02,60;3,73;00,00;1,67;600,0;6,3;N/A;N/A;OFF;ON;CC;NONE;00:02:30,939;
02,60;3,73;00,00;2,53;600,0;9,4;N/A;N/A;OFF;ON;CC;NONE;00:02:31,439;
02,60;3,74;00,00;2,13;600,0;8,0;N/A;N/A;OFF;ON;CC;NONE;00:02:31,939;
02,60;3,75;00,00;0,41;600,0;1,5;N/A;N/A;OFF;ON;CC;NONE;00:02:32,439;
02,60;3,68;00,00;7,54;600,0;27,7;N/A;N/A;OFF;ON;CC;NONE;00:02:32,939;
02,60;3,74;00,00;1,44;600,0;5,4;N/A;N/A;OFF;ON;CC;NONE;00:02:33,439;
02,60;3,55;00,00;20,96;600,0;74,3;N/A;N/A;OFF;ON;CC;NONE;00:02:33,939;
02,60;3,49;00,00;25,05;600,0;87,5;N/A;N/A;OFF;ON;CC;NONE;00:02:34,439;
02,60;3,45;00,00;28,59;600,0;98,5;N/A;N/A;OFF;ON;CC;NONE;00:02:34,939;
02,60;3,58;00,00;15,08;600,0;53,9;N/A;N/A;OFF;ON;CC;NONE;00:02:35,439;
02,60;3,73;00,00;0,36;600,0;1,4;N/A;N/A;OFF;ON;CC;NONE;00:02:35,939;
02,60;3,74;00,00;0,00;600,0;0,0;N/A;N/A;OFF;ON;CC;NONE;00:02:36,439;
02,60;3,75;00,00;0,00;600,0;0,0;N/A;N/A;OFF;ON;CC;NONE;00:02:36,939;
02,60;3,75;00,00;0,00;600,0;0,0;N/A;N/A;OFF;ON;CC;NONE;00:02:37,439;
02,60;3,75;00,00;0,00;600,0;0,0;N/A;N/A;OFF;ON;CC;NONE;00:02:37,939;
02,60;3,76;00,00;0,00;600,0;0,0;N/A;N/A;OFF;ON;CC;NONE;00:02:38,439;
02,60;3,65;00,00;10,24;600,0;37,4;N/A;N/A;OFF;ON;CC;NONE;00:02:38,939;
02,60;3,74;00,00;1,47;600,0;5,5;N/A;N/A;OFF;ON;CC;NONE;00:02:39,439;
02,60;3,69;00,00;6,68;600,0;24,6;N/A;N/A;OFF;ON;CC;NONE;00:02:39,939;
02,60;3,63;00,00;11,70;600,0;42,6;N/A;N/A;OFF;ON;CC;NONE;00:02:40,439;
02,60;3,70;00,00;4,97;600,0;18,4;N/A;N/A;OFF;ON;CC;NONE;00:02:40,939;
02,60;3,73;00,00;1,93;600,0;7,1;N/A;N/A;OFF;ON;CC;NONE;00:02:41,439;
02,60;3,69;00,00;6,83;600,0;25,1;N/A;N/A;OFF;ON;CC;NONE;00:02:41,939;
02,60;3,61;00,00;14,07;600,0;50,8;N/A;N/A;OFF;ON;CC;NONE;00:02:42,439;
02,60;3,61;00,00;13,75;600,0;49,6;N/A;N/A;OFF;ON;CC;NONE;00:02:42,939;
02,60;3,67;00,00;7,70;600,0;28,2;N/A;N/A;OFF;ON;CC;NONE;00:02:43,439;
02,60;3,74;00,00;0,84;600,0;3,2;N/A;N/A;OFF;ON;CC;NONE;00:02:43,939;
02,60;3,64;00,00;10,78;600,0;39,2;N/A;N/A;OFF;ON;CC;NONE;00:02:44,439;
02,60;3,65;00,00;9,42;600,0;34,3;N/A;N/A;OFF;ON;CC;NONE;00:02:44,939;
02,60;3,69;00,00;5,13;600,0;19,0;N/A;N/A;OFF;ON;CC;NONE;00:02:45,439;
02,60;3,74;00,00;0,82;600,0;3,1;N/A;N/A;OFF;ON;CC;NONE;00:02:45,939;
02,60;3,59;00,00;16,19;600,0;58,0;N/A;N/A;OFF;ON;CC;NONE;00:02:46,439;
02,60;3,58;00,00;16,41;600,0;58,7;N/A;N/A;OFF;ON;CC;NONE;00:02:46,939;
02,60;3,52;00,00;21,27;600,0;74,9;N/A;N/A;OFF;ON;CC;NONE;00:02:47,439;
02,60;3,47;00,00;26,16;600,0;90,6;N/A;N/A;OFF;ON;CC;NONE;00:02:47,939;
02,60;3,61;00,00;10,96;600,0;39,5;N/A;N/A;OFF;ON;CC;NONE;00:02:48,439;
02,60;3,73;00,00;0,37;600,0;1,4;N/A;N/A;OFF;ON;CC;NONE;00:02:48,939;
02,60;3,74;00,00;0,28;600,0;0,0;N/A;N/A;OFF;ON;CC;NONE;00:02:49,439;
02,60;3,74;00,00;0,22;600,0;0,0;N/A;N/A;OFF;ON;CC;NONE;00:02:49,939;
02,60;3,74;00,00;0,15;600,0;0,0;N/A;N/A;OFF;ON;CC;NONE;00:02:50,439;
02,60;3,74;00,00;0,09;600,0;0,0;N/A;N/A;OFF;ON;CC;NONE;00:02:50,939;
02,60;3,75;00,00;0,00;600,0;0,0;N/A;N/A;OFF;ON;CC;NONE;00:02:51,439;
02,60;3,64;00,00;10,30;600,0;37,5;N/A;N/A;OFF;ON;CC;NONE;00:02:51,939;
02,60;3,62;00,00;12,95;600,0;46,9;N/A;N/A;OFF;ON;CC;NONE;00:02:52,439;
02,60;3,58;00,00;15,59;600,0;55,9;N/A;N/A;OFF;ON;CC;NONE;00:02:52,939;
02,60;3,56;00,00;17,47;600,0;62,1;N/A;N/A;OFF;ON;CC;NONE;00:02:53,439;
02,60;3,62;00,00;11,48;600,0;41,5;N/A;N/A;OFF;ON;CC;NONE;00:02:53,939;
02,60;3,66;00,00;7,41;600,0;27,1;N/A;N/A;OFF;ON;CC;NONE;00:02:54,439;
02,60;3,68;00,00;5,09;600,0;18,7;N/A;N/A;OFF;ON;CC;NONE;00:02:54,939;
02,60;3,71;00,00;2,77;600,0;10,3;N/A;N/A;OFF;ON;CC;NONE;00:02:55,439;
02,60;3,74;00,00;0,45;600,0;1,7;N/A;N/A;OFF;ON;CC;NONE;00:02:55,939;
02,60;3,61;00,00;12,73;600,0;46,0;N/A;N/A;OFF;ON;CC;NONE;00:02:56,439;
02,60;3,67;00,00;6,97;600,0;25,3;N/A;N/A;OFF;ON;CC;NONE;00:02:56,939;
02,60;3,59;00,00;14,82;600,0;53,1;N/A;N/A;OFF;ON;CC;NONE;00:02:57,439;
02,60;3,57;00,00;16,00;600,0;57,2;N/A;N/A;OFF;ON;CC;NONE;00:02:57,939;
02,60;3,57;00,00;15,35;600,0;54,8;N/A;N/A;OFF;ON;CC;NONE;00:02:58,439;
02,60;3,61;00,00;11,61;600,0;41,9;N/A;N/A;OFF;ON;CC;NONE;00:02:58,939;
02,60;3,65;00,00;7,88;600,0;28,7;N/A;N/A;OFF;ON;CC;NONE;00:02:59,439;
02,60;3,69;00,00;4,12;600,0;15,2;N/A;N/A;OFF;ON;CC;NONE;00:02:59,939;
02,60;3,73;00,00;0,49;600,0;1,8;N/A;N/A;OFF;ON;CC;NONE;00:03:00,439;
02,60;3,66;00,00;7,21;600,0;26,3;N/A;N/A;OFF;ON;CC;NONE;00:03:00,939;
02,60;3,73;00,00;0,17;600,0;0,0;N/A;N/A;OFF;ON;CC;NONE;00:03:01,439;
02,60;3,74;00,00;0,24;600,0;0,0;N/A;N/A;OFF;ON;CC;NONE;00:03:01,939;
02,60;3,74;00,00;0,31;600,0;0,0;N/A;N/A;OFF;ON;CC;NONE;00:03:02,439;
02,60;3,74;00,00;0,35;600,0;1,3;N/A;N/A;OFF;ON;CC;NONE;00:03:02,939;
02,60;3,71;00,00;3,35;600,0;12,4;N/A;N/A;OFF;ON;CC;NONE;00:03:03,439;
02,60;3,65;00,00;9,62;600,0;35,1;N/A;N/A;OFF;ON;CC;NONE;00:03:03,939;
02,60;3,58;00,00;15,93;600,0;57,0;N/A;N/A;OFF;ON;CC;NONE;00:03:04,439;
02,60;3,51;00,00;22,27;600,0;78,1;N/A;N/A;OFF;ON;CC;NONE;00:03:04,939;
02,60;3,43;00,00;28,61;600,0;98,3;N/A;N/A;OFF;ON;CC;NONE;00:03:05,439;
02,60;3,49;00,00;22,01;600,0;76,8;N/A;N/A;OFF;ON;CC;NONE;00:03:05,939;
02,60;3,60;00,00;11,64;600,0;41,8;N/A;N/A;OFF;ON;CC;NONE;00:03:06,439;
02,60;3,70;00,00;1,30;600,0;4,8;N/A;N/A;OFF;ON;CC;NONE;00:03:06,939;
02,60;3,55;00,00;16,74;600,0;59,4;N/A;N/A;OFF;ON;CC;NONE;00:03:07,439;
02,60;3,55;00,00;16,65;600,0;59,1;N/A;N/A;OFF;ON;CC;NONE;00:03:07,939;
02,60;3,49;00,00;22,36;600,0;78,0;N/A;N/A;OFF;ON;CC;NONE;00:03:08,439;
02,60;3,48;00,00;22,01;600,0;76,6;N/A;N/A;OFF;ON;CC;NONE;00:03:08,939;
02,60;3,66;00,00;4,67;600,0;17,1;N/A;N/A;OFF;ON;CC;NONE;00:03:09,439;
02,60;3,71;00,00;0,39;600,0;1,5;N/A;N/A;OFF;ON;CC;NONE;00:03:09,939;
02,60;3,71;00,00;0,94;600,0;3,5;N/A;N/A;OFF;ON;CC;NONE;00:03:10,439;
02,60;3,66;00,00;6,32;600,0;23,1;N/A;N/A;OFF;ON;CC;NONE;00:03:10,939;
02,60;3,67;00,00;5,83;600,0;21,4;N/A;N/A;OFF;ON;CC;NONE;00:03:11,439;
02,60;3,70;00,00;2,64;600,0;9,8;N/A;N/A;OFF;ON;CC;NONE;00:03:11,939;
02,60;3,73;00,00;0,00;600,0;0,0;N/A;N/A;OFF;ON;CC;NONE;00:03:12,439;
02,60;3,73;00,00;0,00;600,0;0,0;N/A;N/A;OFF;ON;CC;NONE;00:03:12,939;
02,60;3,72;00,00;1,19;600,0;4,5;N/A;N/A;OFF;ON;CC;NONE;00:03:13,439;
02,60;3,72;00,00;1,20;600,0;4,5;N/A;N/A;OFF;ON;CC;NONE;00:03:13,939;
02,60;3,69;00,00;4,52;600,0;16,7;N/A;N/A;OFF;ON;CC;NONE;00:03:14,439;
02,60;3,67;00,00;7,04;600,0;25,8;N/A;N/A;OFF;ON;CC;NONE;00:03:14,939;
02,60;3,65;00,00;8,10;600,0;29,6;N/A;N/A;OFF;ON;CC;NONE;00:03:15,439;
02,60;3,62;00,00;10,95;600,0;39,6;N/A;N/A;OFF;ON;CC;NONE;00:03:15,939;
02,60;3,66;00,00;7,05;600,0;25,7;N/A;N/A;OFF;ON;CC;NONE;00:03:16,439;
02,60;3,55;00,00;18,15;600,0;64,4;N/A;N/A;OFF;ON;CC;NONE;00:03:16,939;
02,60;3,53;00,00;19,31;600,0;68,1;N/A;N/A;OFF;ON;CC;NONE;00:03:17,439;
02,60;3,57;00,00;14,74;600,0;52,6;N/A;N/A;OFF;ON;CC;NONE;00:03:17,939;
02,60;3,63;00,00;8,48;600,0;30,8;N/A;N/A;OFF;ON;CC;NONE;00:03:18,439;
02,60;3,70;00,00;2,17;600,0;8,1;N/A;N/A;OFF;ON;CC;NONE;00:03:18,939;
02,60;3,51;00,00;20,35;600,0;71,5;N/A;N/A;OFF;ON;CC;NONE;00:03:19,439;
02,60;3,70;00,00;0,91;600,0;3,3;N/A;N/A;OFF;ON;CC;NONE;00:03:19,939;
02,60;3,72;00,00;0,27;600,0;0,0;N/A;N/A;OFF;ON;CC;NONE;00:03:20,439;
02,60;3,73;00,00;0,19;600,0;0,0;N/A;N/A;OFF;ON;CC;NONE;00:03:20,939;
02,60;3,73;00,00;0,11;600,0;0,0;N/A;N/A;OFF;ON;CC;NONE;00:03:21,439;
02,60;3,73;00,00;0,00;600,0;0,0;N/A;N/A;OFF;ON;CC;NONE;00:03:21,939;
02,60;3,71;00,00;2,76;600,0;10,2;N/A;N/A;OFF;ON;CC;NONE;00:03:22,439;
02,60;3,63;00,00;10,28;600,0;37,3;N/A;N/A;OFF;ON;CC;NONE;00:03:22,939;
02,60;3,68;00,00;4,59;600,0;16,9;N/A;N/A;OFF;ON;CC;NONE;00:03:23,439;
02,60;3,72;00,00;1,66;600,0;6,2;N/A;N/A;OFF;ON;CC;NONE;00:03:23,939;
02,60;3,59;00,00;14,12;600,0;50,6;N/A;N/A;OFF;ON;CC;NONE;00:03:24,439;
02,60;3,64;00,00;8,33;600,0;30,3;N/A;N/A;OFF;ON;CC;NONE;00:03:24,939;
02,60;3,73;00,00;0,00;600,0;0,0;N/A;N/A;OFF;ON;CC;NONE;00:03:25,439;
02,60;3,73;00,00;0,00;600,0;0,0;N/A;N/A;OFF;ON;CC;NONE;00:03:25,939;
02,60;3,72;00,00;1,28;600,0;4,8;N/A;N/A;OFF;ON;CC;NONE;00:03:26,439;
02,60;3,64;00,00;9,11;600,0;33,1;N/A;N/A;OFF;ON;CC;NONE;00:03:26,939;
02,60;3,73;00,00;0,19;600,0;0,0;N/A;N/A;OFF;ON;CC;NONE;00:03:27,439;
02,60;3,64;00,00;9,52;600,0;34,7;N/A;N/A;OFF;ON;CC;NONE;00:03:27,939;
02,60;3,58;00,00;14,87;600,0;53,3;N/A;N/A;OFF;ON;CC;NONE;00:03:28,439;
02,60;3,56;00,00;16,75;600,0;59,6;N/A;N/A;OFF;ON;CC;NONE;00:03:28,939;
02,60;3,56;00,00;15,79;600,0;56,3;N/A;N/A;OFF;ON;CC;NONE;00:03:29,439;
02,60;3,57;00,00;14,53;600,0;51,9;N/A;N/A;OFF;ON;CC;NONE;00:03:29,939;
02,60;3,62;00,00;9,47;600,0;34,3;N/A;N/A;OFF;ON;CC;NONE;00:03:30,439;
02,60;3,67;00,00;4,29;600,0;15,8;N/A;N/A;OFF;ON;CC;NONE;00:03:30,939;
02,60;3,70;00,00;2,23;600,0;8,2;N/A;N/A;OFF;ON;CC;NONE;00:03:31,439;
02,60;3,60;00,00;12,92;600,0;46,4;N/A;N/A;OFF;ON;CC;NONE;00:03:31,939;
02,60;3,71;00,00;0,97;600,0;3,6;N/A;N/A;OFF;ON;CC;NONE;00:03:32,439;
02,60;3,70;00,00;3,04;600,0;11,2;N/A;N/A;OFF;ON;CC;NONE;00:03:32,939;
02,60;3,71;00,00;1,98;600,0;7,4;N/A;N/A;OFF;ON;CC;NONE;00:03:33,439;
02,60;3,72;00,00;1,11;600,0;4,1;N/A;N/A;OFF;ON;CC;NONE;00:03:33,939;
02,60;3,67;00,00;5,88;600,0;21,5;N/A;N/A;OFF;ON;CC;NONE;00:03:34,439;
02,60;3,71;00,00;1,34;600,0;5,0;N/A;N/A;OFF;ON;CC;NONE;00:03:34,939;
02,60;3,52;00,00;21,41;600,0;75,3;N/A;N/A;OFF;ON;CC;NONE;00:03:35,439;
02,60;3,46;00,00;25,28;600,0;87,5;N/A;N/A;OFF;ON;CC;NONE;00:03:35,939;
02,60;3,42;00,00;28,71;600,0;98,2;N/A;N/A;OFF;ON;CC;NONE;00:03:36,439;
02,60;3,56;00,00;13,86;600,0;49,3;N/A;N/A;OFF;ON;CC;NONE;00:03:36,939;
02,60;3,70;00,00;0,19;600,0;0,0;N/A;N/A;OFF;ON;CC;NONE;00:03:37,439;
02,60;3,71;00,00;0,00;600,0;0,0;N/A;N/A;OFF;ON;CC;NONE;00:03:37,939;
02,60;3,72;00,00;0,00;600,0;0,0;N/A;N/A;OFF;ON;CC;NONE;00:03:38,439;
02,60;3,72;00,00;0,00;600,0;0,0;N/A;N/A;OFF;ON;CC;NONE;00:03:38,939;
02,60;3,73;00,00;0,00;600,0;0,0;N/A;N/A;OFF;ON;CC;NONE;00:03:39,439;
02,60;3,73;00,00;0,00;600,0;0,0;N/A;N/A;OFF;ON;CC;NONE;00:03:39,939;
02,60;3,63;00,00;9,37;600,0;34,0;N/A;N/A;OFF;ON;CC;NONE;00:03:40,439;
02,60;3,70;00,00;1,80;600,0;6,7;N/A;N/A;OFF;ON;CC;NONE;00:03:40,939;
02,60;3,66;00,00;7,07;600,0;25,8;N/A;N/A;OFF;ON;CC;NONE;00:03:41,439;
02,60;3,60;00,00;12,03;600,0;43,3;N/A;N/A;OFF;ON;CC;NONE;00:03:41,939;
02,60;3,68;00,00;4,23;600,0;15,5;N/A;N/A;OFF;ON;CC;NONE;00:03:42,439;
02,60;3,70;00,00;1,76;600,0;6,5;N/A;N/A;OFF;ON;CC;NONE;00:03:42,939;
02,60;3,65;00,00;7,86;600,0;28,7;N/A;N/A;OFF;ON;CC;NONE;00:03:43,439;
02,60;3,58;00,00;14,05;600,0;50,3;N/A;N/A;OFF;ON;CC;NONE;00:03:43,939;
02,60;3,58;00,00;13,59;600,0;48,7;N/A;N/A;OFF;ON;CC;NONE;00:03:44,439;
02,60;3,64;00,00;7,17;600,0;26,1;N/A;N/A;OFF;ON;CC;NONE;00:03:44,939;
02,60;3,70;00,00;1,82;600,0;6,7;N/A;N/A;OFF;ON;CC;NONE;00:03:45,439;
02,60;3,61;00,00;10,79;600,0;39,0;N/A;N/A;OFF;ON;CC;NONE;00:03:45,939;
02,60;3,63;00,00;9,08;600,0;32,9;N/A;N/A;OFF;ON;CC;NONE;00:03:46,439;
02,60;3,67;00,00;4,81;600,0;17,7;N/A;N/A;OFF;ON;CC;NONE;00:03:46,939;
02,60;3,71;00,00;0,52;600,0;2,0;N/A;N/A;OFF;ON;CC;NONE;00:03:47,439;
02,60;3,56;00,00;15,65;600,0;55,7;N/A;N/A;OFF;ON;CC;NONE;00:03:47,939;
02,60;3,55;00,00;16,77;600,0;59,5;N/A;N/A;OFF;ON;CC;NONE;00:03:48,439;
02,60;3,49;00,00;21,63;600,0;75,5;N/A;N/A;OFF;ON;CC;NONE;00:03:48,939;
02,60;3,44;00,00;26,53;600,0;91,1;N/A;N/A;OFF;ON;CC;NONE;00:03:49,439;
02,60;3,60;00,00;9,21;600,0;33,1;N/A;N/A;OFF;ON;CC;NONE;00:03:49,939;
02,60;3,70;00,00;0,36;600,0;1,3;N/A;N/A;OFF;ON;CC;NONE;00:03:50,439;
02,60;3,70;00,00;0,28;600,0;0,0;N/A;N/A;OFF;ON;CC;NONE;00:03:50,939;
02,60;3,71;00,00;0,21;600,0;0,0;N/A;N/A;OFF;ON;CC;NONE;00:03:51,439;
02,60;3,71;00,00;0,15;600,0;0,0;N/A;N/A;OFF;ON;CC;NONE;00:03:51,939;
02,60;3,71;00,00;0,09;600,0;0,0;N/A;N/A;OFF;ON;CC;NONE;00:03:52,439;
02,60;3,71;00,00;1,02;600,0;3,8;N/A;N/A;OFF;ON;CC;NONE;00:03:52,939;
02,60;3,62;00,00;10,50;600,0;37,9;N/A;N/A;OFF;ON;CC;NONE;00:03:53,439;
02,60;3,58;00,00;13,15;600,0;47,1;N/A;N/A;OFF;ON;CC;NONE;00:03:53,939;
02,60;3,55;00,00;15,80;600,0;56,1;N/A;N/A;OFF;ON;CC;NONE;00:03:54,439;
02,60;3,53;00,00;17,10;600,0;60,4;N/A;N/A;OFF;ON;CC;NONE;00:03:54,939;
02,60;3,59;00,00;11,02;600,0;39,6;N/A;N/A;OFF;ON;CC;NONE;00:03:55,439;
02,60;3,63;00,00;7,24;600,0;26,3;N/A;N/A;OFF;ON;CC;NONE;00:03:55,939;
02,60;3,66;00,00;4,92;600,0;18,0;N/A;N/A;OFF;ON;CC;NONE;00:03:56,439;
02,60;3,68;00,00;2,60;600,0;9,6;N/A;N/A;OFF;ON;CC;NONE;00:03:56,939;
02,60;3,71;00,00;0,28;600,0;0,0;N/A;N/A;OFF;ON;CC;NONE;00:03:57,439;
02,60;3,59;00,00;12,13;600,0;43,5;N/A;N/A;OFF;ON;CC;NONE;00:03:57,939;
02,60;3,60;00,00;11,26;600,0;40,2;N/A;N/A;OFF;ON;CC;NONE;00:03:58,439;
02,60;3,56;00,00;14,89;600,0;53,0;N/A;N/A;OFF;ON;CC;NONE;00:03:58,939;
02,60;3,54;00,00;16,10;600,0;57,0;N/A;N/A;OFF;ON;CC;NONE;00:03:59,439;
02,60;3,55;00,00;15,08;600,0;53,5;N/A;N/A;OFF;ON;CC;NONE;00:03:59,939;
02,60;3,58;00,00;11,33;600,0;40,6;N/A;N/A;OFF;ON;CC;NONE;00:04:00,439;
02,60;3,62;00,00;7,58;600,0;27,5;N/A;N/A;OFF;ON;CC;NONE;00:04:00,939;
02,60;3,66;00,00;3,82;600,0;14,0;N/A;N/A;OFF;ON;CC;NONE;00:04:01,439;
02,60;3,68;00,00;1,90;600,0;6,9;N/A;N/A;OFF;ON;CC;NONE;00:04:01,939;
02,60;3,64;00,00;6,09;600,0;22,1;N/A;N/A;OFF;ON;CC;NONE;00:04:02,439;
02,60;3,70;00,00;0,17;600,0;0,0;N/A;N/A;OFF;ON;CC;NONE;00:04:02,939;
02,60;3,70;00,00;0,24;600,0;0,0;N/A;N/A;OFF;ON;CC;NONE;00:04:03,439;
02,60;3,71;00,00;0,32;600,0;0,0;N/A;N/A;OFF;ON;CC;NONE;00:04:03,939;
02,60;3,71;00,00;0,35;600,0;1,3;N/A;N/A;OFF;ON;CC;NONE;00:04:04,439;
02,60;3,68;00,00;3,81;600,0;14,0;N/A;N/A;OFF;ON;CC;NONE;00:04:04,939;
02,60;3,61;00,00;10,11;600,0;36,6;N/A;N/A;OFF;ON;CC;NONE;00:04:05,439;
02,60;3,55;00,00;16,41;600,0;58,2;N/A;N/A;OFF;ON;CC;NONE;00:04:05,939;
02,60;3,47;00,00;22,76;600,0;79,0;N/A;N/A;OFF;ON;CC;NONE;00:04:06,439;
02,60;3,40;00,00;29,09;600,0;98,9;N/A;N/A;OFF;ON;CC;NONE;00:04:06,939;
02,60;3,47;00,00;21,21;600,0;73,6;N/A;N/A;OFF;ON;CC;NONE;00:04:07,439;
02,60;3,57;00,00;10,84;600,0;38,7;N/A;N/A;OFF;ON;CC;NONE;00:04:07,939;
02,60;3,67;00,00;1,30;600,0;4,8;N/A;N/A;OFF;ON;CC;NONE;00:04:08,439;
02,60;3,54;00,00;15,07;600,0;53,2;N/A;N/A;OFF;ON;CC;NONE;00:04:08,939;
02,60;3,52;00,00;17,09;600,0;60,1;N/A;N/A;OFF;ON;CC;NONE;00:04:09,439;
02,60;3,45;00,00;22,80;600,0;78,7;N/A;N/A;OFF;ON;CC;NONE;00:04:09,939;
02,60;3,47;00,00;20,76;600,0;71,9;N/A;N/A;OFF;ON;CC;NONE;00:04:10,439;
02,60;3,64;00,00;3,26;600,0;11,8;N/A;N/A;OFF;ON;CC;NONE;00:04:10,939;
02,60;3,68;00,00;0,43;600,0;1,6;N/A;N/A;OFF;ON;CC;NONE;00:04:11,439;
02,60;3,68;00,00;0,98;600,0;3,6;N/A;N/A;OFF;ON;CC;NONE;00:04:11,939;
02,60;3,62;00,00;7,38;600,0;26,7;N/A;N/A;OFF;ON;CC;NONE;00:04:12,439;
02,60;3,63;00,00;5,57;600,0;20,2;N/A;N/A;OFF;ON;CC;NONE;00:04:12,939;
02,60;3,67;00,00;2,41;600,0;8,8;N/A;N/A;OFF;ON;CC;NONE;00:04:13,439;
02,60;3,70;00,00;0,00;600,0;0,0;N/A;N/A;OFF;ON;CC;NONE;00:04:13,939;
02,60;3,70;00,00;0,00;600,0;0,0;N/A;N/A;OFF;ON;CC;NONE;00:04:14,439;
02,60;3,69;00,00;1,14;600,0;4,2;N/A;N/A;OFF;ON;CC;NONE;00:04:14,939;
02,60;3,69;00,00;1,35;600,0;5,0;N/A;N/A;OFF;ON;CC;NONE;00:04:15,439;
02,60;3,66;00,00;5,09;600,0;18,6;N/A;N/A;OFF;ON;CC;NONE;00:04:15,939;
02,60;3,63;00,00;7,05;600,0;25,7;N/A;N/A;OFF;ON;CC;NONE;00:04:16,439;
02,60;3,62;00,00;8,32;600,0;30,1;N/A;N/A;OFF;ON;CC;NONE;00:04:16,939;
02,60;3,59;00,00;10,84;600,0;39,0;N/A;N/A;OFF;ON;CC;NONE;00:04:17,439;
02,60;3,63;00,00;6,82;600,0;24,7;N/A;N/A;OFF;ON;CC;NONE;00:04:17,939;
02,60;3,52;00,00;18,39;600,0;64,6;N/A;N/A;OFF;ON;CC;NONE;00:04:18,439;
02,60;3,50;00,00;19,36;600,0;67,7;N/A;N/A;OFF;ON;CC;NONE;00:04:18,939;
02,60;3,54;00,00;14,29;600,0;50,6;N/A;N/A;OFF;ON;CC;NONE;00:04:19,439;
02,60;3,60;00,00;7,99;600,0;28,8;N/A;N/A;OFF;ON;CC;NONE;00:04:19,939;
02,60;3,67;00,00;1,71;600,0;6,3;N/A;N/A;OFF;ON;CC;NONE;00:04:20,439;
02,60;3,49;00,00;19,55;600,0;68,2;N/A;N/A;OFF;ON;CC;NONE;00:04:20,939;
02,60;3,68;00,00;0,64;600,0;2,4;N/A;N/A;OFF;ON;CC;NONE;00:04:21,439;
02,60;3,69;00,00;0,26;600,0;0,0;N/A;N/A;OFF;ON;CC;NONE;00:04:21,939;
02,60;3,69;00,00;0,19;600,0;0,0;N/A;N/A;OFF;ON;CC;NONE;00:04:22,439;
02,60;3,70;00,00;0,11;600,0;0,0;N/A;N/A;OFF;ON;CC;NONE;00:04:22,939;
02,60;3,70;00,00;0,00;600,0;0,0;N/A;N/A;OFF;ON;CC;NONE;00:04:23,439;
02,60;3,66;00,00;4,12;600,0;15,1;N/A;N/A;OFF;ON;CC;NONE;00:04:23,939;
02,60;3,60;00,00;10,70;600,0;38,4;N/A;N/A;OFF;ON;CC;NONE;00:04:24,439;
02,60;3,66;00,00;3,68;600,0;13,5;N/A;N/A;OFF;ON;CC;NONE;00:04:24,939;
02,60;3,66;00,00;3,96;600,0;14,4;N/A;N/A;OFF;ON;CC;NONE;00:04:25,439;
02,60;3,56;00,00;13,92;600,0;49,5;N/A;N/A;OFF;ON;CC;NONE;00:04:25,939;
02,60;3,62;00,00;6,96;600,0;25,1;N/A;N/A;OFF;ON;CC;NONE;00:04:26,439;
02,60;3,70;00,00;0,00;600,0;0,0;N/A;N/A;OFF;ON;CC;NONE;00:04:26,939;
02,60;3,70;00,00;0,00;600,0;0,0;N/A;N/A;OFF;ON;CC;NONE;00:04:27,439;
02,60;3,68;00,00;2,26;600,0;8,3;N/A;N/A;OFF;ON;CC;NONE;00:04:27,939;
02,60;3,62;00,00;8,12;600,0;29,4;N/A;N/A;OFF;ON;CC;NONE;00:04:28,439;
02,60;3,70;00,00;0,20;600,0;0,0;N/A;N/A;OFF;ON;CC;NONE;00:04:28,939;
02,60;3,60;00,00;10,18;600,0;36,6;N/A;N/A;OFF;ON;CC;NONE;00:04:29,439;
02,60;3,55;00,00;15,23;600,0;54,1;N/A;N/A;OFF;ON;CC;NONE;00:04:29,939;
02,60;3,53;00,00;16,68;600,0;58,9;N/A;N/A;OFF;ON;CC;NONE;00:04:30,439;
02,60;3,53;00,00;15,72;600,0;55,5;N/A;N/A;OFF;ON;CC;NONE;00:04:30,939;
02,60;3,54;00,00;14,21;600,0;50,4;N/A;N/A;OFF;ON;CC;NONE;00:04:31,439;
02,60;3,60;00,00;9,09;600,0;32,7;N/A;N/A;OFF;ON;CC;NONE;00:04:31,939;
02,60;3,65;00,00;3,88;600,0;14,2;N/A;N/A;OFF;ON;CC;NONE;00:04:32,439;
02,60;3,66;00,00;3,04;600,0;11,1;N/A;N/A;OFF;ON;CC;NONE;00:04:32,939;
02,60;3,57;00,00;12,55;600,0;44,7;N/A;N/A;OFF;ON;CC;NONE;00:04:33,439;
02,60;3,68;00,00;0,69;600,0;2,5;N/A;N/A;OFF;ON;CC;NONE;00:04:33,939;
02,60;3,66;00,00;3,33;600,0;12,2;N/A;N/A;OFF;ON;CC;NONE;00:04:34,439;
02,60;3,68;00,00;1,82;600,0;6,7;N/A;N/A;OFF;ON;CC;NONE;00:04:34,939;
02,60;3,68;00,00;2,20;600,0;8,1;N/A;N/A;OFF;ON;CC;NONE;00:04:35,439;
02,60;3,65;00,00;4,06;600,0;14,8;N/A;N/A;OFF;ON;CC;NONE;00:04:35,939;
02,60;3,68;00,00;1,78;600,0;6,5;N/A;N/A;OFF;ON;CC;NONE;00:04:36,439;
02,60;3,48;00,00;21,82;600,0;75,9;N/A;N/A;OFF;ON;CC;NONE;00:04:36,939;
02,60;3,43;00,00;25,54;600,0;87,5;N/A;N/A;OFF;ON;CC;NONE;00:04:37,439;
02,60;3,39;00,00;28,22;600,0;95,7;N/A;N/A;OFF;ON;CC;NONE;00:04:37,939;
02,60;3,54;00,00;12,50;600,0;44,3;N/A;N/A;OFF;ON;CC;NONE;00:04:38,439;
02,60;3,67;00,00;0,09;600,0;0,0;N/A;N/A;OFF;ON;CC;NONE;00:04:38,939;
02,60;3,68;00,00;0,00;600,0;0,0;N/A;N/A;OFF;ON;CC;NONE;00:04:39,439;
02,60;3,69;00,00;0,00;600,0;0,0;N/A;N/A;OFF;ON;CC;NONE;00:04:39,939;
02,60;3,69;00,00;0,00;600,0;0,0;N/A;N/A;OFF;ON;CC;NONE;00:04:40,439;
02,60;3,69;00,00;0,00;600,0;0,0;N/A;N/A;OFF;ON;CC;NONE;00:04:40,939;
02,60;3,69;00,00;0,87;600,0;3,3;N/A;N/A;OFF;ON;CC;NONE;00:04:41,439;
02,60;3,61;00,00;8,45;600,0;30,5;N/A;N/A;OFF;ON;CC;NONE;00:04:41,939;
02,60;3,67;00,00;2,17;600,0;8,0;N/A;N/A;OFF;ON;CC;NONE;00:04:42,439;
02,60;3,62;00,00;7,49;600,0;27,1;N/A;N/A;OFF;ON;CC;NONE;00:04:42,939;
02,60;3,57;00,00;12,10;600,0;43,2;N/A;N/A;OFF;ON;CC;NONE;00:04:43,439;
02,60;3,65;00,00;3,55;600,0;13,0;N/A;N/A;OFF;ON;CC;NONE;00:04:43,939;
02,60;3,67;00,00;1,65;600,0;6,1;N/A;N/A;OFF;ON;CC;NONE;00:04:44,439;
02,60;3,61;00,00;8,89;600,0;32,0;N/A;N/A;OFF;ON;CC;NONE;00:04:44,939;
02,60;3,55;00,00;14,03;600,0;49,8;N/A;N/A;OFF;ON;CC;NONE;00:04:45,439;
02,60;3,55;00,00;13,28;600,0;47,2;N/A;N/A;OFF;ON;CC;NONE;00:04:45,939;
02,60;3,62;00,00;6,66;600,0;24,1;N/A;N/A;OFF;ON;CC;NONE;00:04:46,439;
02,60;3,64;00,00;4,87;600,0;17,6;N/A;N/A;OFF;ON;CC;NONE;00:04:46,939;
02,60;3,58;00,00;10,81;600,0;38,7;N/A;N/A;OFF;ON;CC;NONE;00:04:47,439;
02,60;3,60;00,00;8,77;600,0;31,5;N/A;N/A;OFF;ON;CC;NONE;00:04:47,939;
02,60;3,64;00,00;4,48;600,0;16,3;N/A;N/A;OFF;ON;CC;NONE;00:04:48,439;
02,60;3,68;00,00;0,84;600,0;3,1;N/A;N/A;OFF;ON;CC;NONE;00:04:48,939;
02,60;3,54;00,00;15,01;600,0;53,0;N/A;N/A;OFF;ON;CC;NONE;00:04:49,439;
02,60;3,51;00,00;17,13;600,0;60,1;N/A;N/A;OFF;ON;CC;NONE;00:04:49,939;
02,60;3,45;00,00;22,02;600,0;76,0;N/A;N/A;OFF;ON;CC;NONE;00:04:50,439;
02,60;3,40;00,00;26,78;600,0;91,1;N/A;N/A;OFF;ON;CC;NONE;00:04:50,939;
02,60;3,59;00,00;7,26;600,0;26,0;N/A;N/A;OFF;ON;CC;NONE;00:04:51,439;
02,60;3,67;00,00;0,35;600,0;1,3;N/A;N/A;OFF;ON;CC;NONE;00:04:51,939;
02,60;3,67;00,00;0,27;600,0;0,0;N/A;N/A;OFF;ON;CC;NONE;00:04:52,439;
02,60;3,68;00,00;0,21;600,0;0,0;N/A;N/A;OFF;ON;CC;NONE;00:04:52,939;
02,60;3,68;00,00;0,14;600,0;0,0;N/A;N/A;OFF;ON;CC;NONE;00:04:53,439;
02,60;3,68;00,00;0,08;600,0;0,0;N/A;N/A;OFF;ON;CC;NONE;00:04:53,939;
02,60;3,65;00,00;3,83;600,0;13,9;N/A;N/A;OFF;ON;CC;NONE;00:04:54,439;
02,60;3,58;00,00;10,75;600,0;38,4;N/A;N/A;OFF;ON;CC;NONE;00:04:54,939;
02,60;3,55;00,00;13,34;600,0;47,4;N/A;N/A;OFF;ON;CC;NONE;00:04:55,439;
02,60;3,52;00,00;15,99;600,0;56,2;N/A;N/A;OFF;ON;CC;NONE;00:04:55,939;
02,60;3,51;00,00;16,69;600,0;58,5;N/A;N/A;OFF;ON;CC;NONE;00:04:56,439;
02,60;3,56;00,00;10,55;600,0;37,6;N/A;N/A;OFF;ON;CC;NONE;00:04:56,939;
02,60;3,60;00,00;7,06;600,0;25,4;N/A;N/A;OFF;ON;CC;NONE;00:04:57,439;
02,60;3,63;00,00;4,74;600,0;17,2;N/A;N/A;OFF;ON;CC;NONE;00:04:57,939;
02,60;3,65;00,00;2,41;600,0;8,8;N/A;N/A;OFF;ON;CC;NONE;00:04:58,439;
02,60;3,67;00,00;1,17;600,0;4,3;N/A;N/A;OFF;ON;CC;NONE;00:04:58,939;
02,60;3,56;00,00;11,27;600,0;40,2;N/A;N/A;OFF;ON;CC;NONE;00:04:59,439;
02,60;3,55;00,00;13,43;600,0;47,4;N/A;N/A;OFF;ON;CC;NONE;00:04:59,939;
02,60;3,52;00,00;14,98;600,0;52,8;N/A;N/A;OFF;ON;CC;NONE;00:05:00,439;
02,60;3,51;00,00;16,19;600,0;56,8;N/A;N/A;OFF;ON;CC;NONE;00:05:00,939;
02,60;3,52;00,00;14,78;600,0;52,0;N/A;N/A;OFF;ON;CC;NONE;00:05:01,439;
02,60;3,55;00,00;11,04;600,0;39,2;N/A;N/A;OFF;ON;CC;NONE;00:05:01,939;
02,60;3,59;00,00;7,30;600,0;26,2;N/A;N/A;OFF;ON;CC;NONE;00:05:02,439;
02,60;3,63;00,00;3,54;600,0;12,9;N/A;N/A;OFF;ON;CC;NONE;00:05:02,939;
02,60;3,63;00,00;4,49;600,0;16,2;N/A;N/A;OFF;ON;CC;NONE;00:05:03,439;
02,60;3,62;00,00;4,91;600,0;17,8;N/A;N/A;OFF;ON;CC;NONE;00:05:03,939;
02,60;3,67;00,00;0,17;600,0;0,0;N/A;N/A;OFF;ON;CC;NONE;00:05:04,439;
02,60;3,67;00,00;0,25;600,0;0,0;N/A;N/A;OFF;ON;CC;NONE;00:05:04,939;
02,60;3,67;00,00;0,33;600,0;0,0;N/A;N/A;OFF;ON;CC;NONE;00:05:05,439;
02,60;3,68;00,00;0,34;600,0;1,3;N/A;N/A;OFF;ON;CC;NONE;00:05:05,939;
02,60;3,64;00,00;4,26;600,0;15,5;N/A;N/A;OFF;ON;CC;NONE;00:05:06,439;
02,60;3,58;00,00;10,58;600,0;37,8;N/A;N/A;OFF;ON;CC;NONE;00:05:06,939;
02,60;3,51;00,00;16,92;600,0;59,4;N/A;N/A;OFF;ON;CC;NONE;00:05:07,439;
02,60;3,44;00,00;23,22;600,0;79,8;N/A;N/A;OFF;ON;CC;NONE;00:05:07,939;
02,60;3,37;00,00;29,38;600,0;99,0;N/A;N/A;OFF;ON;CC;NONE;00:05:08,439;
02,60;3,45;00,00;20,38;600,0;70,3;N/A;N/A;OFF;ON;CC;NONE;00:05:08,939;
02,60;3,55;00,00;10,07;600,0;35,8;N/A;N/A;OFF;ON;CC;NONE;00:05:09,439;
02,60;3,63;00,00;2,41;600,0;8,7;N/A;N/A;OFF;ON;CC;NONE;00:05:09,939;
02,60;3,52;00,00;13,82;600,0;48,6;N/A;N/A;OFF;ON;CC;NONE;00:05:10,439;
02,60;3,48;00,00;17,51;600,0;60,9;N/A;N/A;OFF;ON;CC;NONE;00:05:10,939;
02,60;3,42;00,00;23,25;600,0;79,5;N/A;N/A;OFF;ON;CC;NONE;00:05:11,439;
02,60;3,45;00,00;19,41;600,0;66,9;N/A;N/A;OFF;ON;CC;NONE;00:05:11,939;
02,60;3,62;00,00;2,00;600,0;7,2;N/A;N/A;OFF;ON;CC;NONE;00:05:12,439;
02,60;3,65;00,00;0,47;600,0;1,7;N/A;N/A;OFF;ON;CC;NONE;00:05:12,939;
02,60;3,65;00,00;1,02;600,0;3,8;N/A;N/A;OFF;ON;CC;NONE;00:05:13,439;
02,60;3,58;00,00;7,94;600,0;28,4;N/A;N/A;OFF;ON;CC;NONE;00:05:13,939;
02,60;3,61;00,00;5,32;600,0;19,2;N/A;N/A;OFF;ON;CC;NONE;00:05:14,439;
02,60;3,64;00,00;2,16;600,0;7,9;N/A;N/A;OFF;ON;CC;NONE;00:05:14,939;
02,60;3,67;00,00;0,00;600,0;0,0;N/A;N/A;OFF;ON;CC;NONE;00:05:15,439;
02,60;3,67;00,00;0,00;600,0;0,0;N/A;N/A;OFF;ON;CC;NONE;00:05:15,939;
02,60;3,66;00,00;1,08;600,0;3,9;N/A;N/A;OFF;ON;CC;NONE;00:05:16,439;
02,60;3,66;00,00;1,43;600,0;5,2;N/A;N/A;OFF;ON;CC;NONE;00:05:16,939;
02,60;3,62;00,00;5,65;600,0;20,4;N/A;N/A;OFF;ON;CC;NONE;00:05:17,439;
02,60;3,60;00,00;7,06;600,0;25,4;N/A;N/A;OFF;ON;CC;NONE;00:05:17,939;
02,60;3,59;00,00;8,56;600,0;30,7;N/A;N/A;OFF;ON;CC;NONE;00:05:18,439;
02,60;3,56;00,00;10,63;600,0;37,8;N/A;N/A;OFF;ON;CC;NONE;00:05:18,939;
02,60;3,60;00,00;7,15;600,0;25,7;N/A;N/A;OFF;ON;CC;NONE;00:05:19,439;
02,60;3,48;00,00;18,54;600,0;64,5;N/A;N/A;OFF;ON;CC;NONE;00:05:19,939;
02,60;3,47;00,00;19,39;600,0;67,2;N/A;N/A;OFF;ON;CC;NONE;00:05:20,439;
02,60;3,52;00,00;13,79;600,0;48,5;N/A;N/A;OFF;ON;CC;NONE;00:05:20,939;
02,60;3,58;00,00;7,52;600,0;26,9;N/A;N/A;OFF;ON;CC;NONE;00:05:21,439;
02,60;3,64;00,00;1,22;600,0;4,5;N/A;N/A;OFF;ON;CC;NONE;00:05:21,939;
02,60;3,47;00,00;18,23;600,0;63,3;N/A;N/A;OFF;ON;CC;NONE;00:05:22,439;
02,60;3,65;00,00;0,51;600,0;1,9;N/A;N/A;OFF;ON;CC;NONE;00:05:22,939;
02,60;3,66;00,00;0,26;600,0;0,0;N/A;N/A;OFF;ON;CC;NONE;00:05:23,439;
02,60;3,66;00,00;0,18;600,0;0,0;N/A;N/A;OFF;ON;CC;NONE;00:05:23,939;
02,60;3,67;00,00;0,10;600,0;0,0;N/A;N/A;OFF;ON;CC;NONE;00:05:24,439;
02,60;3,67;00,00;0,00;600,0;0,0;N/A;N/A;OFF;ON;CC;NONE;00:05:24,939;
02,60;3,62;00,00;5,07;600,0;18,4;N/A;N/A;OFF;ON;CC;NONE;00:05:25,439;
02,60;3,56;00,00;11,11;600,0;39,6;N/A;N/A;OFF;ON;CC;NONE;00:05:25,939;
02,60;3,64;00,00;2,82;600,0;10,2;N/A;N/A;OFF;ON;CC;NONE;00:05:26,439;
02,60;3,60;00,00;7,40;600,0;26,4;N/A;N/A;OFF;ON;CC;NONE;00:05:26,939;
02,60;3,53;00,00;13,69;600,0;48,3;N/A;N/A;OFF;ON;CC;NONE;00:05:27,439;
02,60;3,60;00,00;5,51;600,0;19,8;N/A;N/A;OFF;ON;CC;NONE;00:05:27,939;
02,60;3,67;00,00;0,00;600,0;0,0;N/A;N/A;OFF;ON;CC;NONE;00:05:28,439;
02,60;3,67;00,00;0,00;600,0;0,0;N/A;N/A;OFF;ON;CC;NONE;00:05:28,939;
02,60;3,64;00,00;3,27;600,0;11,8;N/A;N/A;OFF;ON;CC;NONE;00:05:29,439;
02,60;3,60;00,00;7,01;600,0;25,2;N/A;N/A;OFF;ON;CC;NONE;00:05:29,939;
02,60;3,67;00,00;0,22;600,0;0,0;N/A;N/A;OFF;ON;CC;NONE;00:05:30,439;
02,60;3,57;00,00;10,69;600,0;38,1;N/A;N/A;OFF;ON;CC;NONE;00:05:30,939;
02,60;3,51;00,00;15,59;600,0;54,7;N/A;N/A;OFF;ON;CC;NONE;00:05:31,439;
02,60;3,49;00,00;16,61;600,0;58,1;N/A;N/A;OFF;ON;CC;NONE;00:05:31,939;
02,60;3,50;00,00;15,64;600,0;54,7;N/A;N/A;OFF;ON;CC;NONE;00:05:32,439;
02,60;3,52;00,00;13,86;600,0;48,7;N/A;N/A;OFF;ON;CC;NONE;00:05:32,939;
02,60;3,56;00,00;8,69;600,0;31,0;N/A;N/A;OFF;ON;CC;NONE;00:05:33,439;
02,60;3,62;00,00;3,48;600,0;12,6;N/A;N/A;OFF;ON;CC;NONE;00:05:33,939;
02,60;3,62;00,00;3,88;600,0;14,1;N/A;N/A;OFF;ON;CC;NONE;00:05:34,439;
02,60;3,54;00,00;11,86;600,0;42,0;N/A;N/A;OFF;ON;CC;NONE;00:05:34,939;
02,60;3,65;00,00;0,63;600,0;2,3;N/A;N/A;OFF;ON;CC;NONE;00:05:35,439;
02,60;3,63;00,00;3,42;600,0;12,4;N/A;N/A;OFF;ON;CC;NONE;00:05:35,939;
02,60;3,65;00,00;1,67;600,0;6,1;N/A;N/A;OFF;ON;CC;NONE;00:05:36,439;
02,60;3,63;00,00;3,62;600,0;13,1;N/A;N/A;OFF;ON;CC;NONE;00:05:36,939;
02,60;3,64;00,00;2,36;600,0;8,5;N/A;N/A;OFF;ON;CC;NONE;00:05:37,439;
02,60;3,63;00,00;3,00;600,0;10,9;N/A;N/A;OFF;ON;CC;NONE;00:05:37,939;
02,60;3,44;00,00;22,17;600,0;76,3;N/A;N/A;OFF;ON;CC;NONE;00:05:38,439;
02,60;3,39;00,00;25,82;600,0;87,6;N/A;N/A;OFF;ON;CC;NONE;00:05:38,939;
02,60;3,37;00,00;27,50;600,0;92,6;N/A;N/A;OFF;ON;CC;NONE;00:05:39,439;
02,60;3,52;00,00;11,11;600,0;39,1;N/A;N/A;OFF;ON;CC;NONE;00:05:39,939;
02,60;3,64;00,00;0,00;600,0;0,0;N/A;N/A;OFF;ON;CC;NONE;00:05:40,439;
02,60;3,65;00,00;0,00;600,0;0,0;N/A;N/A;OFF;ON;CC;NONE;00:05:40,939;
02,60;3,65;00,00;0,00;600,0;0,0;N/A;N/A;OFF;ON;CC;NONE;00:05:41,439;
02,60;3,66;00,00;0,00;600,0;0,0;N/A;N/A;OFF;ON;CC;NONE;00:05:41,939;
02,60;3,66;00,00;0,00;600,0;0,0;N/A;N/A;OFF;ON;CC;NONE;00:05:42,439;
02,60;3,62;00,00;4,88;600,0;17,5;N/A;N/A;OFF;ON;CC;NONE;00:05:42,939;
02,60;3,58;00,00;7,49;600,0;26,9;N/A;N/A;OFF;ON;CC;NONE;00:05:43,439;
02,60;3,63;00,00;2,55;600,0;9,3;N/A;N/A;OFF;ON;CC;NONE;00:05:43,939;
02,60;3,58;00,00;7,90;600,0;28,3;N/A;N/A;OFF;ON;CC;NONE;00:05:44,439;
02,60;3,54;00,00;11,81;600,0;41,8;N/A;N/A;OFF;ON;CC;NONE;00:05:44,939;
02,60;3,63;00,00;2,82;600,0;10,2;N/A;N/A;OFF;ON;CC;NONE;00:05:45,439;
02,60;3,64;00,00;1,57;600,0;5,7;N/A;N/A;OFF;ON;CC;NONE;00:05:45,939;
02,60;3,56;00,00;9,90;600,0;35,3;N/A;N/A;OFF;ON;CC;NONE;00:05:46,439;
02,60;3,52;00,00;14,01;600,0;49,3;N/A;N/A;OFF;ON;CC;NONE;00:05:46,939;
02,60;3,52;00,00;12,75;600,0;45,0;N/A;N/A;OFF;ON;CC;NONE;00:05:47,439;
02,60;3,59;00,00;6,00;600,0;21,5;N/A;N/A;OFF;ON;CC;NONE;00:05:47,939;
02,60;3,58;00,00;7,58;600,0;27,0;N/A;N/A;OFF;ON;CC;NONE;00:05:48,439;
02,60;3,55;00,00;10,83;600,0;38,4;N/A;N/A;OFF;ON;CC;NONE;00:05:48,939;
02,60;3,56;00,00;8,45;600,0;30,1;N/A;N/A;OFF;ON;CC;NONE;00:05:49,439;
02,60;3,61;00,00;4,16;600,0;15,0;N/A;N/A;OFF;ON;CC;NONE;00:05:49,939;
02,60;3,63;00,00;1,98;600,0;7,2;N/A;N/A;OFF;ON;CC;NONE;00:05:50,439;
02,60;3,51;00,00;14,32;600,0;50,2;N/A;N/A;OFF;ON;CC;NONE;00:05:50,939;
02,60;3,47;00,00;17,49;600,0;60,8;N/A;N/A;OFF;ON;CC;NONE;00:05:51,439;
02,60;3,42;00,00;22,38;600,0;76,6;N/A;N/A;OFF;ON;CC;NONE;00:05:51,939;
02,60;3,37;00,00;26,21;600,0;88,4;N/A;N/A;OFF;ON;CC;NONE;00:05:52,439;
02,60;3,57;00,00;5,76;600,0;20,5;N/A;N/A;OFF;ON;CC;NONE;00:05:52,939;
02,60;3,63;00,00;0,34;600,0;0,0;N/A;N/A;OFF;ON;CC;NONE;00:05:53,439;
02,60;3,64;00,00;0,27;600,0;0,0;N/A;N/A;OFF;ON;CC;NONE;00:05:53,939;
02,60;3,64;00,00;0,21;600,0;0,0;N/A;N/A;OFF;ON;CC;NONE;00:05:54,439;
02,60;3,65;00,00;0,14;600,0;0,0;N/A;N/A;OFF;ON;CC;NONE;00:05:54,939;
02,60;3,65;00,00;0,08;600,0;0,0;N/A;N/A;OFF;ON;CC;NONE;00:05:55,439;
02,60;3,60;00,00;5,58;600,0;20,0;N/A;N/A;OFF;ON;CC;NONE;00:05:55,939;
02,60;3,54;00,00;10,90;600,0;38,6;N/A;N/A;OFF;ON;CC;NONE;00:05:56,439;
02,60;3,52;00,00;13,55;600,0;47,6;N/A;N/A;OFF;ON;CC;NONE;00:05:56,939;
02,60;3,48;00,00;16,20;600,0;56,4;N/A;N/A;OFF;ON;CC;NONE;00:05:57,439;
02,60;3,48;00,00;16,25;600,0;56,5;N/A;N/A;OFF;ON;CC;NONE;00:05:57,939;
02,60;3,54;00,00;10,00;600,0;35,4;N/A;N/A;OFF;ON;CC;NONE;00:05:58,439;
02,60;3,57;00,00;6,86;600,0;24,5;N/A;N/A;OFF;ON;CC;NONE;00:05:58,939;
02,60;3,60;00,00;4,57;600,0;16,4;N/A;N/A;OFF;ON;CC;NONE;00:05:59,439;
02,60;3,62;00,00;2,25;600,0;8,1;N/A;N/A;OFF;ON;CC;NONE;00:05:59,939;
02,60;3,61;00,00;3,39;600,0;12,2;N/A;N/A;OFF;ON;CC;NONE;00:06:00,439;
02,60;3,54;00,00;10,33;600,0;36,6;N/A;N/A;OFF;ON;CC;NONE;00:06:00,939;
02,60;3,50;00,00;14,61;600,0;51,0;N/A;N/A;OFF;ON;CC;NONE;00:06:01,439;
02,60;3,49;00,00;15,06;600,0;52,5;N/A;N/A;OFF;ON;CC;NONE;00:06:01,939;
02,60;3,47;00,00;16,28;600,0;56,6;N/A;N/A;OFF;ON;CC;NONE;00:06:02,439;
02,60;3,49;00,00;14,51;600,0;50,5;N/A;N/A;OFF;ON;CC;NONE;00:06:02,939;
02,60;3,52;00,00;10,75;600,0;37,9;N/A;N/A;OFF;ON;CC;NONE;00:06:03,439;
02,60;3,56;00,00;7,00;600,0;25,0;N/A;N/A;OFF;ON;CC;NONE;00:06:03,939;
02,60;3,60;00,00;3,27;600,0;11,8;N/A;N/A;OFF;ON;CC;NONE;00:06:04,439;
02,60;3,56;00,00;7,89;600,0;27,9;N/A;N/A;OFF;ON;CC;NONE;00:06:04,939;
02,60;3,60;00,00;3,74;600,0;13,5;N/A;N/A;OFF;ON;CC;NONE;00:06:05,439;
02,60;3,64;00,00;0,18;600,0;0,0;N/A;N/A;OFF;ON;CC;NONE;00:06:05,939;
02,60;3,64;00,00;0,25;600,0;0,0;N/A;N/A;OFF;ON;CC;NONE;00:06:06,439;
02,60;3,64;00,00;0,34;600,0;1,3;N/A;N/A;OFF;ON;CC;NONE;00:06:06,939;
02,60;3,64;00,00;0,34;600,0;1,3;N/A;N/A;OFF;ON;CC;NONE;00:06:07,439;
02,60;3,60;00,00;4,74;600,0;17,1;N/A;N/A;OFF;ON;CC;NONE;00:06:07,939;
02,60;3,54;00,00;11,07;600,0;39,1;N/A;N/A;OFF;ON;CC;NONE;00:06:08,439;
02,60;3,47;00,00;17,38;600,0;60,3;N/A;N/A;OFF;ON;CC;NONE;00:06:08,939;
02,60;3,40;00,00;23,71;600,0;80,7;N/A;N/A;OFF;ON;CC;NONE;00:06:09,439;
02,60;3,34;00,00;29,22;600,0;97,5;N/A;N/A;OFF;ON;CC;NONE;00:06:09,939;
02,60;3,42;00,00;19,63;600,0;67,2;N/A;N/A;OFF;ON;CC;NONE;00:06:10,439;
02,60;3,53;00,00;9,26;600,0;32,6;N/A;N/A;OFF;ON;CC;NONE;00:06:10,939;
02,60;3,58;00,00;4,14;600,0;14,8;N/A;N/A;OFF;ON;CC;NONE;00:06:11,439;
02,60;3,49;00,00;13,36;600,0;46,6;N/A;N/A;OFF;ON;CC;NONE;00:06:11,939;
02,60;3,44;00,00;17,95;600,0;61,8;N/A;N/A;OFF;ON;CC;NONE;00:06:12,439;
02,60;3,38;00,00;23,69;600,0;80,1;N/A;N/A;OFF;ON;CC;NONE;00:06:12,939;
02,60;3,43;00,00;18,18;600,0;62,3;N/A;N/A;OFF;ON;CC;NONE;00:06:13,439;
02,60;3,60;00,00;1,10;600,0;3,9;N/A;N/A;OFF;ON;CC;NONE;00:06:13,939;
02,60;3,61;00,00;0,51;600,0;1,9;N/A;N/A;OFF;ON;CC;NONE;00:06:14,439;
02,60;3,61;00,00;1,06;600,0;3,9;N/A;N/A;OFF;ON;CC;NONE;00:06:14,939;
02,60;3,55;00,00;8,12;600,0;28,8;N/A;N/A;OFF;ON;CC;NONE;00:06:15,439;
02,60;3,58;00,00;5,07;600,0;18,1;N/A;N/A;OFF;ON;CC;NONE;00:06:15,939;
02,60;3,61;00,00;1,93;600,0;6,9;N/A;N/A;OFF;ON;CC;NONE;00:06:16,439;
02,60;3,63;00,00;0,00;600,0;0,0;N/A;N/A;OFF;ON;CC;NONE;00:06:16,939;
02,60;3,63;00,00;0,00;600,0;0,0;N/A;N/A;OFF;ON;CC;NONE;00:06:17,439;
02,60;3,63;00,00;1,03;600,0;3,8;N/A;N/A;OFF;ON;CC;NONE;00:06:17,939;
02,60;3,63;00,00;1,46;600,0;5,3;N/A;N/A;OFF;ON;CC;NONE;00:06:18,439;
02,60;3,58;00,00;6,19;600,0;22,1;N/A;N/A;OFF;ON;CC;NONE;00:06:18,939;
02,60;3,57;00,00;7,07;600,0;25,2;N/A;N/A;OFF;ON;CC;NONE;00:06:19,439;
02,60;3,55;00,00;8,78;600,0;31,2;N/A;N/A;OFF;ON;CC;NONE;00:06:19,939;
02,60;3,53;00,00;10,36;600,0;36,6;N/A;N/A;OFF;ON;CC;NONE;00:06:20,439;
02,60;3,56;00,00;7,89;600,0;28,1;N/A;N/A;OFF;ON;CC;NONE;00:06:20,939;
02,60;3,45;00,00;18,65;600,0;64,3;N/A;N/A;OFF;ON;CC;NONE;00:06:21,439;
02,60;3,44;00,00;19,23;600,0;66,1;N/A;N/A;OFF;ON;CC;NONE;00:06:21,939;
02,60;3,49;00,00;13,33;600,0;46,5;N/A;N/A;OFF;ON;CC;NONE;00:06:22,439;
02,60;3,55;00,00;7,02;600,0;25,0;N/A;N/A;OFF;ON;CC;NONE;00:06:22,939;
02,60;3,62;00,00;0,82;600,0;3,0;N/A;N/A;OFF;ON;CC;NONE;00:06:23,439;
02,60;3,45;00,00;16,70;600,0;57,7;N/A;N/A;OFF;ON;CC;NONE;00:06:23,939;
02,60;3,62;00,00;0,42;600,0;1,5;N/A;N/A;OFF;ON;CC;NONE;00:06:24,439;
02,60;3,63;00,00;0,25;600,0;0,0;N/A;N/A;OFF;ON;CC;NONE;00:06:24,939;
02,60;3,63;00,00;0,17;600,0;0,0;N/A;N/A;OFF;ON;CC;NONE;00:06:25,439;
02,60;3,63;00,00;0,10;600,0;0,0;N/A;N/A;OFF;ON;CC;NONE;00:06:25,939;
02,60;3,63;00,00;0,00;600,0;0,0;N/A;N/A;OFF;ON;CC;NONE;00:06:26,439;
02,60;3,58;00,00;5,76;600,0;20,6;N/A;N/A;OFF;ON;CC;NONE;00:06:26,939;
02,60;3,52;00,00;11,51;600,0;40,5;N/A;N/A;OFF;ON;CC;NONE;00:06:27,439;
02,60;3,61;00,00;1,90;600,0;6,9;N/A;N/A;OFF;ON;CC;NONE;00:06:27,939;
02,60;3,53;00,00;10,93;600,0;38,4;N/A;N/A;OFF;ON;CC;NONE;00:06:28,439;
02,60;3,50;00,00;13,48;600,0;47,1;N/A;N/A;OFF;ON;CC;NONE;00:06:28,939;
02,60;3,59;00,00;3,95;600,0;14,2;N/A;N/A;OFF;ON;CC;NONE;00:06:29,439;
02,60;3,63;00,00;0,00;600,0;0,0;N/A;N/A;OFF;ON;CC;NONE;00:06:29,939;
02,60;3,63;00,00;0,00;600,0;0,0;N/A;N/A;OFF;ON;CC;NONE;00:06:30,439;
02,60;3,60;00,00;4,36;600,0;15,6;N/A;N/A;OFF;ON;CC;NONE;00:06:30,939;
02,60;3,58;00,00;5,89;600,0;21,0;N/A;N/A;OFF;ON;CC;NONE;00:06:31,439;
02,60;3,63;00,00;0,25;600,0;0,0;N/A;N/A;OFF;ON;CC;NONE;00:06:31,939;
02,60;3,53;00,00;11,13;600,0;39,3;N/A;N/A;OFF;ON;CC;NONE;00:06:32,439;
02,60;3,48;00,00;15,94;600,0;55,4;N/A;N/A;OFF;ON;CC;NONE;00:06:32,939;
02,60;3,47;00,00;16,53;600,0;57,3;N/A;N/A;OFF;ON;CC;NONE;00:06:33,439;
02,60;3,47;00,00;15,57;600,0;54,1;N/A;N/A;OFF;ON;CC;NONE;00:06:33,939;
02,60;3,49;00,00;13,46;600,0;46,9;N/A;N/A;OFF;ON;CC;NONE;00:06:34,439;
02,60;3,54;00,00;8,31;600,0;29,3;N/A;N/A;OFF;ON;CC;NONE;00:06:34,939;
02,60;3,59;00,00;3,08;600,0;11,1;N/A;N/A;OFF;ON;CC;NONE;00:06:35,439;
02,60;3,58;00,00;4,73;600,0;16,9;N/A;N/A;OFF;ON;CC;NONE;00:06:35,939;
02,60;3,52;00,00;11,02;600,0;38,7;N/A;N/A;OFF;ON;CC;NONE;00:06:36,439;
02,60;3,62;00,00;0,69;600,0;2,5;N/A;N/A;OFF;ON;CC;NONE;00:06:36,939;
02,60;3,60;00,00;3,40;600,0;12,2;N/A;N/A;OFF;ON;CC;NONE;00:06:37,439;
02,60;3,62;00,00;1,51;600,0;5,5;N/A;N/A;OFF;ON;CC;NONE;00:06:37,939;
02,60;3,58;00,00;5,16;600,0;18,4;N/A;N/A;OFF;ON;CC;NONE;00:06:38,439;
02,60;3,61;00,00;1,47;600,0;5,3;N/A;N/A;OFF;ON;CC;NONE;00:06:38,939;
02,60;3,59;00,00;4,74;600,0;17,0;N/A;N/A;OFF;ON;CC;NONE;00:06:39,439;
02,60;3,41;00,00;22,48;600,0;76,6;N/A;N/A;OFF;ON;CC;NONE;00:06:39,939;
02,60;3,36;00,00;26,09;600,0;87,7;N/A;N/A;OFF;ON;CC;NONE;00:06:40,439;
02,60;3,35;00,00;26,50;600,0;88,7;N/A;N/A;OFF;ON;CC;NONE;00:06:40,939;
02,60;3,50;00,00;10,02;600,0;35,1;N/A;N/A;OFF;ON;CC;NONE;00:06:41,439;
02,60;3,61;00,00;0,00;600,0;0,0;N/A;N/A;OFF;ON;CC;NONE;00:06:41,939;
02,60;3,62;00,00;0,00;600,0;0,0;N/A;N/A;OFF;ON;CC;NONE;00:06:42,439;
02,60;3,62;00,00;0,00;600,0;0,0;N/A;N/A;OFF;ON;CC;NONE;00:06:42,939;
02,60;3,63;00,00;0,00;600,0;0,0;N/A;N/A;OFF;ON;CC;NONE;00:06:43,439;
02,60;3,63;00,00;0,00;600,0;0,0;N/A;N/A;OFF;ON;CC;NONE;00:06:43,939;
02,60;3,55;00,00;8,66;600,0;30,5;N/A;N/A;OFF;ON;CC;NONE;00:06:44,439;
02,60;3,56;00,00;6,50;600,0;23,1;N/A;N/A;OFF;ON;CC;NONE;00:06:44,939;
02,60;3,60;00,00;2,95;600,0;10,6;N/A;N/A;OFF;ON;CC;NONE;00:06:45,439;
02,60;3,55;00,00;8,31;600,0;29,4;N/A;N/A;OFF;ON;CC;NONE;00:06:45,939;
02,60;3,51;00,00;11,31;600,0;39,7;N/A;N/A;OFF;ON;CC;NONE;00:06:46,439;
02,60;3,60;00,00;2,09;600,0;7,5;N/A;N/A;OFF;ON;CC;NONE;00:06:46,939;
02,60;3,61;00,00;1,51;600,0;5,4;N/A;N/A;OFF;ON;CC;NONE;00:06:47,439;
02,60;3,52;00,00;10,94;600,0;38,4;N/A;N/A;OFF;ON;CC;NONE;00:06:47,939;
02,60;3,49;00,00;13,99;600,0;48,7;N/A;N/A;OFF;ON;CC;NONE;00:06:48,439;
02,60;3,49;00,00;12,40;600,0;43,3;N/A;N/A;OFF;ON;CC;NONE;00:06:48,939;
02,60;3,56;00,00;5,60;600,0;19,9;N/A;N/A;OFF;ON;CC;NONE;00:06:49,439;
02,60;3,53;00,00;9,13;600,0;32,2;N/A;N/A;OFF;ON;CC;NONE;00:06:49,939;
02,60;3,51;00,00;10,85;600,0;38,1;N/A;N/A;OFF;ON;CC;NONE;00:06:50,439;
02,60;3,54;00,00;8,12;600,0;28,7;N/A;N/A;OFF;ON;CC;NONE;00:06:50,939;
02,60;3,58;00,00;3,83;600,0;13,7;N/A;N/A;OFF;ON;CC;NONE;00:06:51,439;
02,60;3,59;00,00;3,62;600,0;13,0;N/A;N/A;OFF;ON;CC;NONE;00:06:51,939;
02,60;3,48;00,00;13,90;600,0;48,4;N/A;N/A;OFF;ON;CC;NONE;00:06:52,439;
02,60;3,44;00,00;17,89;600,0;61,5;N/A;N/A;OFF;ON;CC;NONE;00:06:52,939;
02,60;3,38;00,00;22,76;600,0;77,0;N/A;N/A;OFF;ON;CC;NONE;00:06:53,439;
02,60;3,35;00,00;25,24;600,0;84,5;N/A;N/A;OFF;ON;CC;NONE;00:06:53,939;
02,60;3,55;00,00;4,30;600,0;15,2;N/A;N/A;OFF;ON;CC;NONE;00:06:54,439;
02,60;3,60;00,00;0,33;600,0;0,0;N/A;N/A;OFF;ON;CC;NONE;00:06:54,939;
02,60;3,61;00,00;0,27;600,0;0,0;N/A;N/A;OFF;ON;CC;NONE;00:06:55,439;
02,60;3,61;00,00;0,20;600,0;0,0;N/A;N/A;OFF;ON;CC;NONE;00:06:55,939;
02,60;3,62;00,00;0,14;600,0;0,0;N/A;N/A;OFF;ON;CC;NONE;00:06:56,439;
02,60;3,62;00,00;0,07;600,0;0,0;N/A;N/A;OFF;ON;CC;NONE;00:06:56,939;
02,60;3,56;00,00;7,01;600,0;24,8;N/A;N/A;OFF;ON;CC;NONE;00:06:57,439;
02,60;3,51;00,00;11,10;600,0;39,0;N/A;N/A;OFF;ON;CC;NONE;00:06:57,939;
02,60;3,48;00,00;13,75;600,0;47,8;N/A;N/A;OFF;ON;CC;NONE;00:06:58,439;
02,60;3,45;00,00;16,40;600,0;56,6;N/A;N/A;OFF;ON;CC;NONE;00:06:58,939;
02,60;3,45;00,00;15,79;600,0;54,5;N/A;N/A;OFF;ON;CC;NONE;00:06:59,439;
02,60;3,51;00,00;9,59;600,0;33,6;N/A;N/A;OFF;ON;CC;NONE;00:06:59,939;
02,60;3,54;00,00;6,71;600,0;23,8;N/A;N/A;OFF;ON;CC;NONE;00:07:00,439;
02,60;3,56;00,00;4,39;600,0;15,6;N/A;N/A;OFF;ON;CC;NONE;00:07:00,939;
02,60;3,59;00,00;2,07;600,0;7,5;N/A;N/A;OFF;ON;CC;NONE;00:07:01,439;
02,60;3,56;00,00;6,03;600,0;21,4;N/A;N/A;OFF;ON;CC;NONE;00:07:01,939;
02,60;3,52;00,00;9,34;600,0;32,9;N/A;N/A;OFF;ON;CC;NONE;00:07:02,439;
02,60;3,46;00,00;15,12;600,0;52,3;N/A;N/A;OFF;ON;CC;NONE;00:07:02,939;
02,60;3,46;00,00;15,15;600,0;52,3;N/A;N/A;OFF;ON;CC;NONE;00:07:03,439;
02,60;3,44;00,00;16,38;600,0;56,4;N/A;N/A;OFF;ON;CC;NONE;00:07:03,939;
02,60;3,46;00,00;14,22;600,0;49,2;N/A;N/A;OFF;ON;CC;NONE;00:07:04,439;
02,60;3,49;00,00;10,48;600,0;36,6;N/A;N/A;OFF;ON;CC;NONE;00:07:04,939;
02,60;3,53;00,00;6,72;600,0;23,8;N/A;N/A;OFF;ON;CC;NONE;00:07:05,439;
02,60;3,57;00,00;2,98;600,0;10,6;N/A;N/A;OFF;ON;CC;NONE;00:07:05,939;
02,60;3,51;00,00;10,18;600,0;35,5;N/A;N/A;OFF;ON;CC;NONE;00:07:06,439;
02,60;3,58;00,00;2,57;600,0;9,2;N/A;N/A;OFF;ON;CC;NONE;00:07:06,939;
02,60;3,61;00,00;0,18;600,0;0,0;N/A;N/A;OFF;ON;CC;NONE;00:07:07,439;
02,60;3,61;00,00;0,26;600,0;0,0;N/A;N/A;OFF;ON;CC;NONE;00:07:07,939;
02,60;3,61;00,00;0,35;600,0;1,3;N/A;N/A;OFF;ON;CC;NONE;00:07:08,439;
02,60;3,61;00,00;0,32;600,0;0,0;N/A;N/A;OFF;ON;CC;NONE;00:07:08,939;
02,60;3,57;00,00;5,23;600,0;18,6;N/A;N/A;OFF;ON;CC;NONE;00:07:09,439;
02,60;3,50;00,00;11,53;600,0;40,4;N/A;N/A;OFF;ON;CC;NONE;00:07:09,939;
02,60;3,44;00,00;17,87;600,0;61,4;N/A;N/A;OFF;ON;CC;NONE;00:07:10,439;
02,60;3,37;00,00;24,20;600,0;81,4;N/A;N/A;OFF;ON;CC;NONE;00:07:10,939;
02,60;3,31;00,00;28,78;600,0;95,3;N/A;N/A;OFF;ON;CC;NONE;00:07:11,439;
02,60;3,40;00,00;18,83;600,0;64,0;N/A;N/A;OFF;ON;CC;NONE;00:07:11,939;
02,60;3,50;00,00;8,51;600,0;29,8;N/A;N/A;OFF;ON;CC;NONE;00:07:12,439;
02,60;3,53;00,00;6,07;600,0;21,4;N/A;N/A;OFF;ON;CC;NONE;00:07:12,939;
02,60;3,46;00,00;13,29;600,0;46,0;N/A;N/A;OFF;ON;CC;NONE;00:07:13,439;
02,60;3,41;00,00;18,41;600,0;62,7;N/A;N/A;OFF;ON;CC;NONE;00:07:13,939;
02,60;3,34;00,00;24,18;600,0;80,9;N/A;N/A;OFF;ON;CC;NONE;00:07:14,439;
02,60;3,41;00,00;16,61;600,0;56,6;N/A;N/A;OFF;ON;CC;NONE;00:07:14,939;
02,60;3,57;00,00;0,62;600,0;2,2;N/A;N/A;OFF;ON;CC;NONE;00:07:15,439;
02,60;3,58;00,00;0,56;600,0;2,0;N/A;N/A;OFF;ON;CC;NONE;00:07:15,939;
02,60;3,58;00,00;1,11;600,0;3,9;N/A;N/A;OFF;ON;CC;NONE;00:07:16,439;
02,60;3,52;00,00;8,09;600,0;28,4;N/A;N/A;OFF;ON;CC;NONE;00:07:16,939;
02,60;3,55;00,00;4,83;600,0;17,2;N/A;N/A;OFF;ON;CC;NONE;00:07:17,439;
02,60;3,58;00,00;1,68;600,0;6,0;N/A;N/A;OFF;ON;CC;NONE;00:07:17,939;
02,60;3,60;00,00;0,00;600,0;0,0;N/A;N/A;OFF;ON;CC;NONE;00:07:18,439;
02,60;3,60;00,00;0,00;600,0;0,0;N/A;N/A;OFF;ON;CC;NONE;00:07:18,939;
02,60;3,60;00,00;0,97;600,0;3,5;N/A;N/A;OFF;ON;CC;NONE;00:07:19,439;
02,60;3,59;00,00;1,46;600,0;5,2;N/A;N/A;OFF;ON;CC;NONE;00:07:19,939;
02,60;3,55;00,00;6,54;600,0;23,2;N/A;N/A;OFF;ON;CC;NONE;00:07:20,439;
02,60;3,54;00,00;7,08;600,0;25,1;N/A;N/A;OFF;ON;CC;NONE;00:07:20,939;
02,60;3,52;00,00;9,02;600,0;31,7;N/A;N/A;OFF;ON;CC;NONE;00:07:21,439;
02,60;3,50;00,00;10,06;600,0;35,3;N/A;N/A;OFF;ON;CC;NONE;00:07:21,939;
02,60;3,52;00,00;8,86;600,0;31,2;N/A;N/A;OFF;ON;CC;NONE;00:07:22,439;
02,60;3,41;00,00;18,74;600,0;64,0;N/A;N/A;OFF;ON;CC;NONE;00:07:22,939;
02,60;3,41;00,00;18,93;600,0;64,5;N/A;N/A;OFF;ON;CC;NONE;00:07:23,439;
02,60;3,46;00,00;12,84;600,0;44,4;N/A;N/A;OFF;ON;CC;NONE;00:07:23,939;
02,60;3,52;00,00;6,54;600,0;23,0;N/A;N/A;OFF;ON;CC;NONE;00:07:24,439;
02,60;3,55;00,00;4,25;600,0;14,9;N/A;N/A;OFF;ON;CC;NONE;00:07:24,939;
02,60;3,44;00,00;15,02;600,0;51,6;N/A;N/A;OFF;ON;CC;NONE;00:07:25,439;
02,60;3,59;00,00;0,37;600,0;1,4;N/A;N/A;OFF;ON;CC;NONE;00:07:25,939;
02,60;3,59;00,00;0,25;600,0;0,0;N/A;N/A;OFF;ON;CC;NONE;00:07:26,439;
02,60;3,60;00,00;0,17;600,0;0,0;N/A;N/A;OFF;ON;CC;NONE;00:07:26,939;
02,60;3,60;00,00;0,09;600,0;0,0;N/A;N/A;OFF;ON;CC;NONE;00:07:27,439;
02,60;3,60;00,00;0,00;600,0;0,0;N/A;N/A;OFF;ON;CC;NONE;00:07:27,939;
02,60;3,55;00,00;6,33;600,0;22,4;N/A;N/A;OFF;ON;CC;NONE;00:07:28,439;
02,60;3,49;00,00;11,66;600,0;40,7;N/A;N/A;OFF;ON;CC;NONE;00:07:28,939;
02,60;3,59;00,00;1,08;600,0;3,9;N/A;N/A;OFF;ON;CC;NONE;00:07:29,439;
02,60;3,48;00,00;13,20;600,0;45,7;N/A;N/A;OFF;ON;CC;NONE;00:07:29,939;
02,60;3,47;00,00;13,26;600,0;46,0;N/A;N/A;OFF;ON;CC;NONE;00:07:30,439;
02,60;3,57;00,00;2,48;600,0;8,7;N/A;N/A;OFF;ON;CC;NONE;00:07:30,939;
02,60;3,60;00,00;0,00;600,0;0,0;N/A;N/A;OFF;ON;CC;NONE;00:07:31,439;
02,60;3,60;00,00;0,00;600,0;0,0;N/A;N/A;OFF;ON;CC;NONE;00:07:31,939;
02,60;3,56;00,00;5,46;600,0;19,4;N/A;N/A;OFF;ON;CC;NONE;00:07:32,439;
02,60;3,56;00,00;4,77;600,0;16,9;N/A;N/A;OFF;ON;CC;NONE;00:07:32,939;
02,60;3,60;00,00;0,28;600,0;0,0;N/A;N/A;OFF;ON;CC;NONE;00:07:33,439;
02,60;3,49;00,00;11,54;600,0;40,3;N/A;N/A;OFF;ON;CC;NONE;00:07:33,939;
02,60;3,44;00,00;16,29;600,0;56,0;N/A;N/A;OFF;ON;CC;NONE;00:07:34,439;
02,60;3,44;00,00;16,46;600,0;56,6;N/A;N/A;OFF;ON;CC;NONE;00:07:34,939;
02,60;3,44;00,00;15,49;600,0;53,3;N/A;N/A;OFF;ON;CC;NONE;00:07:35,439;
02,60;3,46;00,00;13,09;600,0;45,3;N/A;N/A;OFF;ON;CC;NONE;00:07:35,939;
02,60;3,51;00,00;7,89;600,0;27,7;N/A;N/A;OFF;ON;CC;NONE;00:07:36,439;
02,60;3,56;00,00;2,70;600,0;9,6;N/A;N/A;OFF;ON;CC;NONE;00:07:36,939;
02,60;3,54;00,00;5,59;600,0;19,8;N/A;N/A;OFF;ON;CC;NONE;00:07:37,439;
02,60;3,49;00,00;10,03;600,0;35,0;N/A;N/A;OFF;ON;CC;NONE;00:07:37,939;
02,60;3,59;00,00;0,84;600,0;3,0;N/A;N/A;OFF;ON;CC;NONE;00:07:38,439;
02,60;3,56;00,00;3,31;600,0;11,8;N/A;N/A;OFF;ON;CC;NONE;00:07:38,939;
02,60;3,59;00,00;1,36;600,0;4,9;N/A;N/A;OFF;ON;CC;NONE;00:07:39,439;
02,60;3,54;00,00;6,82;600,0;24,0;N/A;N/A;OFF;ON;CC;NONE;00:07:39,939;
02,60;3,59;00,00;1,13;600,0;4,0;N/A;N/A;OFF;ON;CC;NONE;00:07:40,439;
02,60;3,54;00,00;6,57;600,0;23,2;N/A;N/A;OFF;ON;CC;NONE;00:07:40,939;
02,60;3,37;00,00;22,77;600,0;76,7;N/A;N/A;OFF;ON;CC;NONE;00:07:41,439;
02,60;3,33;00,00;26,35;600,0;87,7;N/A;N/A;OFF;ON;CC;NONE;00:07:41,939;
02,60;3,32;00,00;25,30;600,0;83,9;N/A;N/A;OFF;ON;CC;NONE;00:07:42,439;
02,60;3,48;00,00;8,77;600,0;30,5;N/A;N/A;OFF;ON;CC;NONE;00:07:42,939;
02,60;3,58;00,00;0,00;600,0;0,0;N/A;N/A;OFF;ON;CC;NONE;00:07:43,439;
02,60;3,59;00,00;0,00;600,0;0,0;N/A;N/A;OFF;ON;CC;NONE;00:07:43,939;
02,60;3,59;00,00;0,00;600,0;0,0;N/A;N/A;OFF;ON;CC;NONE;00:07:44,439;
02,60;3,60;00,00;0,00;600,0;0,0;N/A;N/A;OFF;ON;CC;NONE;00:07:44,939;
02,60;3,60;00,00;0,00;600,0;0,0;N/A;N/A;OFF;ON;CC;NONE;00:07:45,439;
02,60;3,49;00,00;10,77;600,0;37,4;N/A;N/A;OFF;ON;CC;NONE;00:07:45,939;
02,60;3,54;00,00;5,50;600,0;19,5;N/A;N/A;OFF;ON;CC;NONE;00:07:46,439;
02,60;3,56;00,00;3,35;600,0;11,9;N/A;N/A;OFF;ON;CC;NONE;00:07:46,939;
02,60;3,51;00,00;8,72;600,0;30,5;N/A;N/A;OFF;ON;CC;NONE;00:07:47,439;
02,60;3,48;00,00;10,71;600,0;37,3;N/A;N/A;OFF;ON;CC;NONE;00:07:47,939;
02,60;3,58;00,00;1,37;600,0;4,9;N/A;N/A;OFF;ON;CC;NONE;00:07:48,439;
02,60;3,58;00,00;1,45;600,0;5,2;N/A;N/A;OFF;ON;CC;NONE;00:07:48,939;
02,60;3,48;00,00;11,98;600,0;41,6;N/A;N/A;OFF;ON;CC;NONE;00:07:49,439;
02,60;3,45;00,00;13,96;600,0;48,1;N/A;N/A;OFF;ON;CC;NONE;00:07:49,939;
02,60;3,47;00,00;11,90;600,0;41,3;N/A;N/A;OFF;ON;CC;NONE;00:07:50,439;
02,60;3,53;00,00;5,07;600,0;17,9;N/A;N/A;OFF;ON;CC;NONE;00:07:50,939;
02,60;3,49;00,00;9,95;600,0;34,7;N/A;N/A;OFF;ON;CC;NONE;00:07:51,439;
02,60;3,48;00,00;10,87;600,0;37,8;N/A;N/A;OFF;ON;CC;NONE;00:07:51,939;
02,60;3,50;00,00;7,79;600,0;27,3;N/A;N/A;OFF;ON;CC;NONE;00:07:52,439;
02,60;3,55;00,00;3,50;600,0;12,4;N/A;N/A;OFF;ON;CC;NONE;00:07:52,939;
02,60;3,53;00,00;5,52;600,0;19,4;N/A;N/A;OFF;ON;CC;NONE;00:07:53,439;
02,60;3,43;00,00;13,86;600,0;47,5;N/A;N/A;OFF;ON;CC;NONE;00:07:53,939;
02,60;3,38;00,00;18,25;600,0;61,7;N/A;N/A;OFF;ON;CC;NONE;00:07:54,439;
02,60;3,32;00,00;23,14;600,0;76,9;N/A;N/A;OFF;ON;CC;NONE;00:07:54,939;
02,60;3,31;00,00;23,97;600,0;79,2;N/A;N/A;OFF;ON;CC;NONE;00:07:55,439;
02,60;3,54;00,00;2,66;600,0;9,3;N/A;N/A;OFF;ON;CC;NONE;00:07:55,939;
02,60;3,57;00,00;0,33;600,0;0,0;N/A;N/A;OFF;ON;CC;NONE;00:07:56,439;
02,60;3,58;00,00;0,26;600,0;0,0;N/A;N/A;OFF;ON;CC;NONE;00:07:56,939;
02,60;3,58;00,00;0,20;600,0;0,0;N/A;N/A;OFF;ON;CC;NONE;00:07:57,439;
02,60;3,59;00,00;0,13;600,0;0,0;N/A;N/A;OFF;ON;CC;NONE;00:07:57,939;
02,60;3,59;00,00;0,07;600,0;0,0;N/A;N/A;OFF;ON;CC;NONE;00:07:58,439;
02,60;3,52;00,00;7,86;600,0;27,5;N/A;N/A;OFF;ON;CC;NONE;00:07:58,939;
02,60;3,48;00,00;11,30;600,0;39,3;N/A;N/A;OFF;ON;CC;NONE;00:07:59,439;
02,60;3,45;00,00;13,95;600,0;48,1;N/A;N/A;OFF;ON;CC;NONE;00:07:59,939;
02,60;3,41;00,00;16,60;600,0;56,7;N/A;N/A;OFF;ON;CC;NONE;00:08:00,439;
02,60;3,42;00,00;15,33;600,0;52,4;N/A;N/A;OFF;ON;CC;NONE;00:08:00,939;
02,60;3,48;00,00;9,15;600,0;31,8;N/A;N/A;OFF;ON;CC;NONE;00:08:01,439;
02,60;3,51;00,00;6,52;600,0;22,9;N/A;N/A;OFF;ON;CC;NONE;00:08:01,939;
02,60;3,54;00,00;4,21;600,0;14,9;N/A;N/A;OFF;ON;CC;NONE;00:08:02,439;
02,60;3,56;00,00;1,88;600,0;6,7;N/A;N/A;OFF;ON;CC;NONE;00:08:02,939;
02,60;3,51;00,00;7,93;600,0;27,7;N/A;N/A;OFF;ON;CC;NONE;00:08:03,439;
02,60;3,50;00,00;8,29;600,0;29,0;N/A;N/A;OFF;ON;CC;NONE;00:08:03,939;
02,60;3,43;00,00;15,31;600,0;52,4;N/A;N/A;OFF;ON;CC;NONE;00:08:04,439;
02,60;3,42;00,00;15,25;600,0;52,2;N/A;N/A;OFF;ON;CC;NONE;00:08:04,939;
02,60;3,41;00,00;16,47;600,0;56,1;N/A;N/A;OFF;ON;CC;NONE;00:08:05,439;
02,60;3,43;00,00;13,94;600,0;47,8;N/A;N/A;OFF;ON;CC;NONE;00:08:05,939;
02,60;3,47;00,00;10,19;600,0;35,4;N/A;N/A;OFF;ON;CC;NONE;00:08:06,439;
02,60;3,51;00,00;6,43;600,0;22,6;N/A;N/A;OFF;ON;CC;NONE;00:08:06,939;
02,60;3,55;00,00;2,69;600,0;9,5;N/A;N/A;OFF;ON;CC;NONE;00:08:07,439;
02,60;3,47;00,00;11,22;600,0;38,8;N/A;N/A;OFF;ON;CC;NONE;00:08:07,939;
02,60;3,56;00,00;1,48;600,0;5,2;N/A;N/A;OFF;ON;CC;NONE;00:08:08,439;
02,60;3,58;00,00;0,19;600,0;0,0;N/A;N/A;OFF;ON;CC;NONE;00:08:08,939;
02,60;3,58;00,00;0,27;600,0;0,0;N/A;N/A;OFF;ON;CC;NONE;00:08:09,439;
02,60;3,58;00,00;0,35;600,0;1,3;N/A;N/A;OFF;ON;CC;NONE;00:08:09,939;
02,60;3,58;00,00;0,30;600,0;0,0;N/A;N/A;OFF;ON;CC;NONE;00:08:10,439;
02,60;3,53;00,00;5,68;600,0;20,1;N/A;N/A;OFF;ON;CC;NONE;00:08:10,939;
02,60;3,46;00,00;12,03;600,0;41,7;N/A;N/A;OFF;ON;CC;NONE;00:08:11,439;
02,60;3,39;00,00;18,34;600,0;62,2;N/A;N/A;OFF;ON;CC;NONE;00:08:11,939;
02,60;3,32;00,00;24,68;600,0;82,0;N/A;N/A;OFF;ON;CC;NONE;00:08:12,439;
02,60;3,28;00,00;28,15;600,0;92,3;N/A;N/A;OFF;ON;CC;NONE;00:08:12,939;
02,60;3,38;00,00;18,07;600,0;60,9;N/A;N/A;OFF;ON;CC;NONE;00:08:13,439;
02,60;3,48;00,00;7,70;600,0;26,8;N/A;N/A;OFF;ON;CC;NONE;00:08:13,939;
02,60;3,48;00,00;8,27;600,0;28,7;N/A;N/A;OFF;ON;CC;NONE;00:08:14,439;
02,60;3,43;00,00;13,44;600,0;46,1;N/A;N/A;OFF;ON;CC;NONE;00:08:14,939;
02,60;3,37;00,00;18,81;600,0;63,4;N/A;N/A;OFF;ON;CC;NONE;00:08:15,439;
02,60;3,31;00,00;24,55;600,0;81,2;N/A;N/A;OFF;ON;CC;NONE;00:08:15,939;
02,60;3,39;00,00;15,48;600,0;52,4;N/A;N/A;OFF;ON;CC;NONE;00:08:16,439;
02,60;3,55;00,00;0,39;600,0;1,4;N/A;N/A;OFF;ON;CC;NONE;00:08:16,939;
02,60;3,55;00,00;0,60;600,0;2,1;N/A;N/A;OFF;ON;CC;NONE;00:08:17,439;
02,60;3,55;00,00;1,15;600,0;4,1;N/A;N/A;OFF;ON;CC;NONE;00:08:17,939;
02,60;3,49;00,00;7,94;600,0;27,7;N/A;N/A;OFF;ON;CC;NONE;00:08:18,439;
02,60;3,52;00,00;4,59;600,0;16,1;N/A;N/A;OFF;ON;CC;NONE;00:08:18,939;
02,60;3,55;00,00;1,46;600,0;5,1;N/A;N/A;OFF;ON;CC;NONE;00:08:19,439;
02,60;3,57;00,00;0,00;600,0;0,0;N/A;N/A;OFF;ON;CC;NONE;00:08:19,939;
02,60;3,57;00,00;0,06;600,0;0,0;N/A;N/A;OFF;ON;CC;NONE;00:08:20,439;
02,60;3,56;00,00;0,91;600,0;3,3;N/A;N/A;OFF;ON;CC;NONE;00:08:20,939;
02,60;3,56;00,00;1,46;600,0;5,2;N/A;N/A;OFF;ON;CC;NONE;00:08:21,439;
02,60;3,51;00,00;6,73;600,0;23,6;N/A;N/A;OFF;ON;CC;NONE;00:08:21,939;
02,60;3,51;00,00;7,09;600,0;24,9;N/A;N/A;OFF;ON;CC;NONE;00:08:22,439;
02,60;3,48;00,00;9,25;600,0;32,2;N/A;N/A;OFF;ON;CC;NONE;00:08:22,939;
02,60;3,48;00,00;9,74;600,0;33,8;N/A;N/A;OFF;ON;CC;NONE;00:08:23,439;
02,60;3,47;00,00;9,91;600,0;34,4;N/A;N/A;OFF;ON;CC;NONE;00:08:23,939;
02,60;3,38;00,00;18,81;600,0;63,6;N/A;N/A;OFF;ON;CC;NONE;00:08:24,439;
02,60;3,38;00,00;18,54;600,0;62,6;N/A;N/A;OFF;ON;CC;NONE;00:08:24,939;
02,60;3,44;00,00;12,36;600,0;42,5;N/A;N/A;OFF;ON;CC;NONE;00:08:25,439;
02,60;3,50;00,00;6,09;600,0;21,3;N/A;N/A;OFF;ON;CC;NONE;00:08:25,939;
02,60;3,45;00,00;11,82;600,0;39,9;N/A;N/A;OFF;ON;CC;NONE;00:08:26,439;
02,60;3,42;00,00;13,20;600,0;45,1;N/A;N/A;OFF;ON;CC;NONE;00:08:26,939;
02,60;3,56;00,00;0,35;600,0;0,0;N/A;N/A;OFF;ON;CC;NONE;00:08:27,439;
02,60;3,56;00,00;0,24;600,0;0,0;N/A;N/A;OFF;ON;CC;NONE;00:08:27,939;
02,60;3,57;00,00;0,16;600,0;0,0;N/A;N/A;OFF;ON;CC;NONE;00:08:28,439;
02,60;3,57;00,00;0,08;600,0;0,0;N/A;N/A;OFF;ON;CC;NONE;00:08:28,939;
02,60;3,57;00,00;0,00;600,0;0,0;N/A;N/A;OFF;ON;CC;NONE;00:08:29,439;
02,60;3,51;00,00;6,83;600,0;23,9;N/A;N/A;OFF;ON;CC;NONE;00:08:29,939;
02,60;3,46;00,00;11,34;600,0;39,2;N/A;N/A;OFF;ON;CC;NONE;00:08:30,439;
02,60;3,56;00,00;0,63;600,0;2,2;N/A;N/A;OFF;ON;CC;NONE;00:08:30,939;
02,60;3,43;00,00;14,27;600,0;48,8;N/A;N/A;OFF;ON;CC;NONE;00:08:31,439;
02,60;3,44;00,00;13,04;600,0;44,9;N/A;N/A;OFF;ON;CC;NONE;00:08:31,939;
02,60;3,55;00,00;1,32;600,0;4,7;N/A;N/A;OFF;ON;CC;NONE;00:08:32,439;
02,60;3,57;00,00;0,00;600,0;0,0;N/A;N/A;OFF;ON;CC;NONE;00:08:32,939;
02,60;3,57;00,00;0,00;600,0;0,0;N/A;N/A;OFF;ON;CC;NONE;00:08:33,439;
02,60;3,51;00,00;6,56;600,0;23,0;N/A;N/A;OFF;ON;CC;NONE;00:08:33,939;
02,60;3,54;00,00;3,65;600,0;12,9;N/A;N/A;OFF;ON;CC;NONE;00:08:34,439;
02,60;3,57;00,00;0,31;600,0;0,0;N/A;N/A;OFF;ON;CC;NONE;00:08:34,939;
02,60;3,46;00,00;11,94;600,0;41,3;N/A;N/A;OFF;ON;CC;NONE;00:08:35,439;
02,60;3,40;00,00;16,64;600,0;56,6;N/A;N/A;OFF;ON;CC;NONE;00:08:35,939;
02,60;3,40;00,00;16,39;600,0;55,7;N/A;N/A;OFF;ON;CC;NONE;00:08:36,439;
02,60;3,40;00,00;15,42;600,0;52,4;N/A;N/A;OFF;ON;CC;NONE;00:08:36,939;
02,60;3,43;00,00;12,70;600,0;43,6;N/A;N/A;OFF;ON;CC;NONE;00:08:37,439;
02,60;3,49;00,00;7,50;600,0;26,1;N/A;N/A;OFF;ON;CC;NONE;00:08:37,939;
02,60;3,54;00,00;2,28;600,0;8,1;N/A;N/A;OFF;ON;CC;NONE;00:08:38,439;
02,60;3,50;00,00;6,45;600,0;22,6;N/A;N/A;OFF;ON;CC;NONE;00:08:38,939;
02,60;3,47;00,00;8,86;600,0;30,7;N/A;N/A;OFF;ON;CC;NONE;00:08:39,439;
02,60;3,56;00,00;1,02;600,0;3,6;N/A;N/A;OFF;ON;CC;NONE;00:08:39,939;
02,60;3,54;00,00;3,17;600,0;11,2;N/A;N/A;OFF;ON;CC;NONE;00:08:40,439;
02,60;3,56;00,00;1,17;600,0;4,1;N/A;N/A;OFF;ON;CC;NONE;00:08:40,939;
02,60;3,49;00,00;8,87;600,0;30,8;N/A;N/A;OFF;ON;CC;NONE;00:08:41,439;
02,60;3,56;00,00;1,13;600,0;4,0;N/A;N/A;OFF;ON;CC;NONE;00:08:41,939;
02,60;3,48;00,00;9,04;600,0;31,4;N/A;N/A;OFF;ON;CC;NONE;00:08:42,439;
02,60;3,33;00,00;23,13;600,0;77,1;N/A;N/A;OFF;ON;CC;NONE;00:08:42,939;
02,60;3,29;00,00;26,62;600,0;87,5;N/A;N/A;OFF;ON;CC;NONE;00:08:43,439;
02,60;3,31;00,00;24,09;600,0;79,6;N/A;N/A;OFF;ON;CC;NONE;00:08:43,939;
02,60;3,47;00,00;7,43;600,0;25,7;N/A;N/A;OFF;ON;CC;NONE;00:08:44,439;
02,60;3,55;00,00;0,00;600,0;0,0;N/A;N/A;OFF;ON;CC;NONE;00:08:44,939;
02,60;3,56;00,00;0,00;600,0;0,0;N/A;N/A;OFF;ON;CC;NONE;00:08:45,439;
02,60;3,56;00,00;0,00;600,0;0,0;N/A;N/A;OFF;ON;CC;NONE;00:08:45,939;
02,60;3,56;00,00;0,00;600,0;0,0;N/A;N/A;OFF;ON;CC;NONE;00:08:46,439;
02,60;3,56;00,00;0,00;600,0;0,0;N/A;N/A;OFF;ON;CC;NONE;00:08:46,939;
